-- phpMyAdmin SQL Dump
-- version 4.8.4
-- https://www.phpmyadmin.net/
--
-- Host: 127.0.0.1
-- Generation Time: Feb 18, 2019 at 05:41 PM
-- Server version: 10.1.37-MariaDB
-- PHP Version: 7.3.0

SET SQL_MODE = "NO_AUTO_VALUE_ON_ZERO";
SET AUTOCOMMIT = 0;
START TRANSACTION;
SET time_zone = "+00:00";


/*!40101 SET @OLD_CHARACTER_SET_CLIENT=@@CHARACTER_SET_CLIENT */;
/*!40101 SET @OLD_CHARACTER_SET_RESULTS=@@CHARACTER_SET_RESULTS */;
/*!40101 SET @OLD_COLLATION_CONNECTION=@@COLLATION_CONNECTION */;
/*!40101 SET NAMES utf8mb4 */;

--
-- Database: `fville`
--

-- --------------------------------------------------------

--
-- Table structure for table `categories`
--

CREATE TABLE `categories` (
  `id` int(10) UNSIGNED NOT NULL,
  `parent_id` int(10) UNSIGNED DEFAULT NULL,
  `order` int(11) NOT NULL DEFAULT '1',
  `name` varchar(191) COLLATE utf8mb4_unicode_ci NOT NULL,
  `slug` varchar(191) COLLATE utf8mb4_unicode_ci NOT NULL,
  `created_at` timestamp NULL DEFAULT NULL,
  `updated_at` timestamp NULL DEFAULT NULL
) ENGINE=InnoDB DEFAULT CHARSET=utf8mb4 COLLATE=utf8mb4_unicode_ci;

--
-- Dumping data for table `categories`
--

INSERT INTO `categories` (`id`, `parent_id`, `order`, `name`, `slug`, `created_at`, `updated_at`) VALUES
(1, NULL, 1, 'Category 1', 'category-1', '2018-11-03 08:21:08', '2018-11-03 08:21:08'),
(2, NULL, 1, 'Category 2', 'category-2', '2018-11-03 08:21:08', '2018-11-03 08:21:08');

-- --------------------------------------------------------

--
-- Table structure for table `comments`
--

CREATE TABLE `comments` (
  `id` int(10) UNSIGNED NOT NULL,
  `user_id` int(10) UNSIGNED NOT NULL,
  `parent_id` int(10) UNSIGNED DEFAULT NULL,
  `body` text NOT NULL,
  `commentable_id` int(10) UNSIGNED NOT NULL,
  `commentable_type` varchar(191) NOT NULL,
  `created_at` timestamp NULL DEFAULT NULL,
  `updated_at` timestamp NULL DEFAULT NULL
) ENGINE=InnoDB DEFAULT CHARSET=latin1;

--
-- Dumping data for table `comments`
--

INSERT INTO `comments` (`id`, `user_id`, `parent_id`, `body`, `commentable_id`, `commentable_type`, `created_at`, `updated_at`) VALUES
(1, 2, 0, 'hi vaabt', 1, 'App\\Post', '2019-01-21 10:25:57', '2019-01-21 10:25:57'),
(2, 2, 1, 'asdasdasdasd', 1, 'App\\Post', '2019-01-21 10:28:54', '2019-01-21 10:28:54'),
(3, 2, 0, 'asdasdasd', 3, 'App\\Post', '2019-01-21 10:31:25', '2019-01-21 10:31:25'),
(4, 2, 0, 'dsgsdgs', 1, 'App\\Post', '2019-01-21 10:48:35', '2019-01-21 10:48:35'),
(5, 2, 0, 'ewtwetwertwe', 5, 'App\\Post', '2019-01-21 10:53:55', '2019-01-21 10:53:55'),
(6, 3, 0, 'asdasdasdasd', 1, 'App\\Post', '2019-01-21 11:06:28', '2019-01-21 11:06:28'),
(7, 3, 0, 'n kn.', 1, 'App\\Post', '2019-01-21 11:13:31', '2019-01-21 11:13:31'),
(8, 3, NULL, 'jkn', 1, 'App\\Post', '2019-01-21 11:15:05', '2019-01-21 11:15:05'),
(9, 3, 8, 'dfsdfs', 1, 'App\\Post', '2019-01-21 11:15:16', '2019-01-21 11:15:16'),
(10, 3, NULL, 'lnnk', 1, 'App\\Post', '2019-01-21 11:15:40', '2019-01-21 11:15:40'),
(11, 3, NULL, 'HI', 3, 'App\\Post', '2019-01-21 11:45:42', '2019-01-21 11:45:42'),
(12, 2, 11, 'sdasdasdasdasdasd', 3, 'App\\Post', '2019-01-21 11:46:39', '2019-01-21 11:46:39'),
(13, 2, NULL, 'sadasdasdasd', 3, 'App\\Post', '2019-01-21 11:46:47', '2019-01-21 11:46:47');

-- --------------------------------------------------------

--
-- Table structure for table `contactuses`
--

CREATE TABLE `contactuses` (
  `id` int(10) UNSIGNED NOT NULL,
  `name` varchar(191) COLLATE utf8mb4_unicode_ci NOT NULL,
  `email` varchar(191) COLLATE utf8mb4_unicode_ci NOT NULL,
  `subject` varchar(191) COLLATE utf8mb4_unicode_ci DEFAULT NULL,
  `message` text COLLATE utf8mb4_unicode_ci NOT NULL,
  `created_at` timestamp NULL DEFAULT NULL,
  `updated_at` timestamp NULL DEFAULT NULL
) ENGINE=InnoDB DEFAULT CHARSET=utf8mb4 COLLATE=utf8mb4_unicode_ci;

--
-- Dumping data for table `contactuses`
--

INSERT INTO `contactuses` (`id`, `name`, `email`, `subject`, `message`, `created_at`, `updated_at`) VALUES
(1, 'sdasda sadasd', 'admin@admin.com', 'hi', 'xvxcvxcvxc', '2019-01-28 23:20:51', '2019-01-28 23:20:51'),
(2, 'bvcbcvb', 'admin@admin.com', 'ccvbvcb', 'cvbcvb', '2019-01-28 23:22:47', '2019-01-28 23:22:47');

-- --------------------------------------------------------

--
-- Table structure for table `coupons`
--

CREATE TABLE `coupons` (
  `id` int(10) UNSIGNED NOT NULL,
  `code` varchar(191) COLLATE utf8mb4_unicode_ci NOT NULL,
  `type` varchar(191) COLLATE utf8mb4_unicode_ci NOT NULL,
  `value` int(11) DEFAULT NULL,
  `percent_off` int(11) DEFAULT NULL,
  `created_at` timestamp NULL DEFAULT NULL,
  `updated_at` timestamp NULL DEFAULT NULL
) ENGINE=InnoDB DEFAULT CHARSET=utf8mb4 COLLATE=utf8mb4_unicode_ci;

--
-- Dumping data for table `coupons`
--

INSERT INTO `coupons` (`id`, `code`, `type`, `value`, `percent_off`, `created_at`, `updated_at`) VALUES
(1, 'Happy', 'fixed', 100, NULL, NULL, NULL),
(2, 'New', 'percent_off', NULL, 10, NULL, NULL),
(3, 'muaj', 'fixed', 500, NULL, NULL, NULL),
(4, 'saif', 'percent_off', NULL, 50, '2019-01-21 11:40:06', '2019-01-21 11:40:06');

-- --------------------------------------------------------

--
-- Table structure for table `data_rows`
--

CREATE TABLE `data_rows` (
  `id` int(10) UNSIGNED NOT NULL,
  `data_type_id` int(10) UNSIGNED NOT NULL,
  `field` varchar(191) COLLATE utf8mb4_unicode_ci NOT NULL,
  `type` varchar(191) COLLATE utf8mb4_unicode_ci NOT NULL,
  `display_name` varchar(191) COLLATE utf8mb4_unicode_ci NOT NULL,
  `required` tinyint(1) NOT NULL DEFAULT '0',
  `browse` tinyint(1) NOT NULL DEFAULT '1',
  `read` tinyint(1) NOT NULL DEFAULT '1',
  `edit` tinyint(1) NOT NULL DEFAULT '1',
  `add` tinyint(1) NOT NULL DEFAULT '1',
  `delete` tinyint(1) NOT NULL DEFAULT '1',
  `details` text COLLATE utf8mb4_unicode_ci,
  `order` int(11) NOT NULL DEFAULT '1'
) ENGINE=InnoDB DEFAULT CHARSET=utf8mb4 COLLATE=utf8mb4_unicode_ci;

--
-- Dumping data for table `data_rows`
--

INSERT INTO `data_rows` (`id`, `data_type_id`, `field`, `type`, `display_name`, `required`, `browse`, `read`, `edit`, `add`, `delete`, `details`, `order`) VALUES
(13, 2, 'id', 'number', 'ID', 1, 0, 0, 0, 0, 0, NULL, 1),
(14, 2, 'name', 'text', 'Name', 1, 1, 1, 1, 1, 1, NULL, 2),
(15, 2, 'created_at', 'timestamp', 'Created At', 0, 0, 0, 0, 0, 0, NULL, 3),
(16, 2, 'updated_at', 'timestamp', 'Updated At', 0, 0, 0, 0, 0, 0, NULL, 4),
(17, 3, 'id', 'number', 'ID', 1, 0, 0, 0, 0, 0, NULL, 1),
(18, 3, 'name', 'text', 'Name', 1, 1, 1, 1, 1, 1, NULL, 2),
(19, 3, 'created_at', 'timestamp', 'Created At', 0, 0, 0, 0, 0, 0, NULL, 3),
(20, 3, 'updated_at', 'timestamp', 'Updated At', 0, 0, 0, 0, 0, 0, NULL, 4),
(21, 3, 'display_name', 'text', 'Display Name', 1, 1, 1, 1, 1, 1, NULL, 5),
(23, 4, 'id', 'number', 'ID', 1, 0, 0, 0, 0, 0, '{}', 1),
(24, 4, 'parent_id', 'select_dropdown', 'Parent', 0, 0, 1, 1, 1, 1, '{\"default\":\"\",\"null\":\"\",\"options\":{\"\":\"-- None --\"},\"relationship\":{\"key\":\"id\",\"label\":\"name\"}}', 2),
(25, 4, 'order', 'text', 'Order', 1, 1, 1, 1, 1, 1, '{\"default\":1}', 3),
(26, 4, 'name', 'text', 'Name', 1, 1, 1, 1, 1, 1, '{}', 4),
(27, 4, 'slug', 'text', 'Slug', 1, 1, 1, 1, 1, 1, '{\"slugify\":{\"origin\":\"name\"}}', 5),
(28, 4, 'created_at', 'timestamp', 'Created At', 0, 0, 1, 0, 0, 0, '{}', 6),
(29, 4, 'updated_at', 'timestamp', 'Updated At', 0, 0, 0, 0, 0, 0, '{}', 7),
(30, 5, 'id', 'number', 'ID', 1, 0, 0, 0, 0, 0, NULL, 1),
(31, 5, 'author_id', 'text', 'Author', 1, 0, 1, 1, 0, 1, NULL, 2),
(32, 5, 'category_id', 'text', 'Category', 1, 0, 1, 1, 1, 0, NULL, 3),
(33, 5, 'title', 'text', 'Title', 1, 1, 1, 1, 1, 1, NULL, 4),
(34, 5, 'excerpt', 'text_area', 'Excerpt', 1, 0, 1, 1, 1, 1, NULL, 5),
(35, 5, 'body', 'rich_text_box', 'Body', 1, 0, 1, 1, 1, 1, NULL, 6),
(36, 5, 'image', 'image', 'Post Image', 0, 1, 1, 1, 1, 1, '{\"resize\":{\"width\":\"1000\",\"height\":\"null\"},\"quality\":\"70%\",\"upsize\":true,\"thumbnails\":[{\"name\":\"medium\",\"scale\":\"50%\"},{\"name\":\"small\",\"scale\":\"25%\"},{\"name\":\"cropped\",\"crop\":{\"width\":\"300\",\"height\":\"250\"}}]}', 7),
(37, 5, 'slug', 'text', 'Slug', 1, 0, 1, 1, 1, 1, '{\"slugify\":{\"origin\":\"title\",\"forceUpdate\":true},\"validation\":{\"rule\":\"unique:posts,slug\"}}', 8),
(38, 5, 'meta_description', 'text_area', 'Meta Description', 1, 0, 1, 1, 1, 1, NULL, 9),
(39, 5, 'meta_keywords', 'text_area', 'Meta Keywords', 1, 0, 1, 1, 1, 1, NULL, 10),
(40, 5, 'status', 'select_dropdown', 'Status', 1, 1, 1, 1, 1, 1, '{\"default\":\"DRAFT\",\"options\":{\"PUBLISHED\":\"published\",\"DRAFT\":\"draft\",\"PENDING\":\"pending\"}}', 11),
(41, 5, 'created_at', 'timestamp', 'Created At', 0, 1, 1, 0, 0, 0, NULL, 12),
(42, 5, 'updated_at', 'timestamp', 'Updated At', 0, 0, 0, 0, 0, 0, NULL, 13),
(43, 5, 'seo_title', 'text', 'SEO Title', 0, 1, 1, 1, 1, 1, NULL, 14),
(44, 5, 'featured', 'checkbox', 'Featured', 1, 1, 1, 1, 1, 1, NULL, 15),
(45, 6, 'id', 'number', 'ID', 1, 0, 0, 0, 0, 0, NULL, 1),
(46, 6, 'author_id', 'text', 'Author', 1, 0, 0, 0, 0, 0, NULL, 2),
(47, 6, 'title', 'text', 'Title', 1, 1, 1, 1, 1, 1, NULL, 3),
(48, 6, 'excerpt', 'text_area', 'Excerpt', 1, 0, 1, 1, 1, 1, NULL, 4),
(49, 6, 'body', 'rich_text_box', 'Body', 1, 0, 1, 1, 1, 1, NULL, 5),
(50, 6, 'slug', 'text', 'Slug', 1, 0, 1, 1, 1, 1, '{\"slugify\":{\"origin\":\"title\"},\"validation\":{\"rule\":\"unique:pages,slug\"}}', 6),
(51, 6, 'meta_description', 'text', 'Meta Description', 1, 0, 1, 1, 1, 1, NULL, 7),
(52, 6, 'meta_keywords', 'text', 'Meta Keywords', 1, 0, 1, 1, 1, 1, NULL, 8),
(53, 6, 'status', 'select_dropdown', 'Status', 1, 1, 1, 1, 1, 1, '{\"default\":\"INACTIVE\",\"options\":{\"INACTIVE\":\"INACTIVE\",\"ACTIVE\":\"ACTIVE\"}}', 9),
(54, 6, 'created_at', 'timestamp', 'Created At', 1, 1, 1, 0, 0, 0, NULL, 10),
(55, 6, 'updated_at', 'timestamp', 'Updated At', 1, 0, 0, 0, 0, 0, NULL, 11),
(56, 6, 'image', 'image', 'Page Image', 0, 1, 1, 1, 1, 1, NULL, 12),
(57, 7, 'id', 'hidden', 'Id', 1, 1, 1, 1, 1, 0, '{}', 1),
(58, 7, 'name', 'text', 'Name', 1, 1, 1, 1, 1, 1, '{}', 2),
(59, 7, 'slug', 'text', 'Slug', 1, 0, 1, 1, 1, 1, '{\"slugify\":{\"origin\":\"name\",\"forceUpdate\":true},\"validation\":{\"rule\":\"unique:products,slug\"}}', 3),
(60, 7, 'details', 'text_area', 'Details', 0, 0, 1, 1, 1, 1, '{}', 5),
(61, 7, 'present_price', 'number', 'Present Price', 1, 1, 1, 1, 1, 1, '{}', 6),
(62, 7, 'discount_price', 'number', 'Discount Price', 0, 1, 1, 1, 1, 1, '{}', 7),
(63, 7, 'description', 'rich_text_box', 'Description', 1, 0, 1, 1, 1, 1, '{}', 8),
(64, 7, 'feature_name', 'text', 'Feature Name', 1, 0, 1, 1, 1, 1, '{}', 9),
(65, 7, 'feature_color', 'text', 'Feature Color', 1, 0, 1, 1, 1, 1, '{}', 10),
(66, 7, 'category_id', 'text', 'Category Id', 1, 0, 1, 1, 1, 1, '{}', 11),
(67, 7, 'created_at', 'timestamp', 'Created At', 0, 0, 0, 0, 0, 0, '{}', 12),
(68, 7, 'updated_at', 'timestamp', 'Updated At', 0, 0, 0, 0, 0, 0, '{}', 13),
(69, 8, 'id', 'hidden', 'Id', 1, 1, 1, 1, 1, 0, '{}', 1),
(70, 8, 'name', 'text', 'Name', 1, 1, 1, 1, 1, 1, '{}', 2),
(71, 8, 'slug', 'text', 'Slug', 1, 1, 1, 1, 1, 1, '{\"slugify\":{\"origin\":\"name\",\"forceUpdate\":true},\"validation\":{\"rule\":\"unique:product_categories,slug\"}}', 3),
(72, 8, 'created_at', 'timestamp', 'Created At', 0, 0, 0, 0, 0, 0, '{}', 4),
(73, 8, 'updated_at', 'timestamp', 'Updated At', 0, 0, 0, 0, 0, 0, '{}', 5),
(74, 7, 'product_belongsto_product_category_relationship', 'relationship', 'Category', 0, 1, 1, 1, 1, 1, '{\"model\":\"App\\\\ProductCategory\",\"table\":\"product_categories\",\"type\":\"belongsTo\",\"column\":\"category_id\",\"key\":\"id\",\"label\":\"name\",\"pivot_table\":\"categories\",\"pivot\":\"0\",\"taggable\":\"0\"}', 4),
(76, 8, 'banner', 'image', 'Banner', 0, 1, 1, 1, 1, 1, '{}', 6),
(78, 7, 'gallery_image1', 'image', 'Gallery Image 1', 0, 0, 1, 1, 1, 1, '{}', 14),
(79, 7, 'gallery_image2', 'image', 'Gallery Image 2', 0, 0, 1, 1, 1, 1, '{}', 15),
(80, 7, 'gallery_image3', 'image', 'Gallery Image 3', 0, 0, 1, 1, 1, 1, '{}', 16),
(81, 7, 'gallery_image4', 'image', 'Gallery Image 4', 0, 0, 1, 1, 1, 1, '{}', 17),
(82, 7, 'product_image', 'image', 'Product Image', 0, 1, 1, 1, 1, 1, '{}', 13),
(83, 9, 'id', 'text', 'Id', 1, 1, 0, 0, 0, 0, '{}', 1),
(84, 9, 'user_id', 'text', 'User Id', 0, 0, 1, 1, 1, 1, '{}', 2),
(85, 9, 'billing_email', 'text', 'Billing Email', 1, 1, 1, 1, 1, 1, '{}', 3),
(86, 9, 'billing_first_name', 'text', 'Billing First Name', 1, 1, 1, 1, 1, 1, '{}', 4),
(87, 9, 'billing_last_name', 'text', 'Billing Last Name', 1, 1, 1, 1, 1, 1, '{}', 5),
(88, 9, 'billing_phone_no', 'text', 'Billing Phone No', 1, 1, 1, 1, 1, 1, '{}', 6),
(89, 9, 'billing_address', 'text', 'Billing Address', 1, 1, 1, 1, 1, 1, '{}', 7),
(90, 9, 'billing_town', 'text', 'Billing Town', 1, 1, 1, 1, 1, 1, '{}', 8),
(91, 9, 'billing_city', 'checkbox', 'Billing City', 1, 1, 1, 1, 1, 1, '{}', 9),
(92, 9, 'billing_zip_code', 'text', 'Billing Zip Code', 1, 0, 0, 1, 1, 1, '{}', 10),
(93, 9, 'billing_discount', 'text', 'Billing Discount', 1, 0, 1, 1, 1, 1, '{}', 11),
(94, 9, 'billing_discount_code', 'text', 'Billing Discount Code', 0, 0, 1, 1, 1, 1, '{}', 12),
(95, 9, 'billing_subtotal', 'text', 'Billing Subtotal', 1, 0, 0, 1, 1, 1, '{}', 13),
(96, 9, 'billing_shipping_fee', 'text', 'Billing Shipping Fee', 1, 0, 1, 1, 1, 1, '{}', 14),
(97, 9, 'billing_total', 'text', 'Billing Total', 1, 1, 1, 1, 1, 1, '{}', 15),
(98, 9, 'billing_payment_gateway', 'text', 'Billing Payment Gateway', 1, 0, 1, 1, 1, 1, '{}', 16),
(99, 9, 'shipped', 'checkbox', 'Shipped', 1, 1, 1, 1, 1, 1, '{\"on\":\"Yes\",\"off\":\"No\"}', 17),
(101, 9, 'created_at', 'timestamp', 'Created At', 0, 0, 1, 1, 0, 1, '{}', 19),
(102, 9, 'updated_at', 'timestamp', 'Updated At', 0, 0, 0, 0, 0, 0, '{}', 20),
(103, 10, 'id', 'hidden', 'Id', 1, 0, 0, 0, 0, 0, '{}', 1),
(104, 10, 'title1', 'text', 'Title1', 1, 1, 1, 1, 1, 1, '{}', 2),
(105, 10, 'title2', 'text', 'Title2', 1, 1, 1, 1, 1, 1, '{}', 3),
(106, 10, 'detail', 'text', 'Detail', 1, 1, 1, 1, 1, 1, '{}', 4),
(107, 10, 'img', 'image', 'Img', 1, 1, 1, 1, 1, 1, '{}', 5),
(108, 10, 'slug', 'text', 'Slug', 1, 1, 1, 1, 1, 1, '{}', 6),
(109, 10, 'created_at', 'timestamp', 'Created At', 0, 0, 1, 1, 0, 1, '{}', 7),
(110, 10, 'updated_at', 'timestamp', 'Updated At', 0, 0, 0, 0, 0, 0, '{}', 8),
(111, 7, 'stock', 'number', 'Stock', 1, 1, 1, 1, 1, 1, '{}', 18),
(112, 7, 'percentige', 'number', 'Percentage', 0, 0, 1, 1, 1, 1, '{}', 19),
(113, 7, 'badge', 'text', 'Badge', 0, 0, 1, 1, 1, 1, '{}', 20),
(114, 7, 'weekly', 'date', 'Weekly', 0, 0, 1, 1, 1, 1, '{}', 21),
(115, 11, 'id', 'text', '#', 1, 1, 0, 0, 0, 1, '{}', 1),
(116, 11, 'pid', 'text', 'Product Id', 1, 1, 1, 0, 0, 1, '{}', 2),
(117, 11, 'fname', 'text', 'First name', 1, 1, 1, 0, 0, 1, '{}', 3),
(118, 11, 'lname', 'text', 'Last name', 1, 1, 1, 0, 0, 1, '{}', 4),
(119, 11, 'uid', 'text', 'Uid', 1, 0, 1, 0, 0, 1, '{}', 5),
(120, 11, 'rating', 'text', 'Rating', 1, 1, 1, 0, 0, 1, '{}', 6),
(121, 11, 'comment', 'text', 'Comment', 0, 1, 1, 0, 0, 1, '{}', 7),
(122, 11, 'created_at', 'timestamp', 'Review Time', 1, 1, 1, 0, 0, 1, '{}', 8),
(123, 11, 'updated_at', 'timestamp', 'Updated At', 1, 0, 0, 0, 0, 0, '{}', 9),
(124, 11, 'review_belongsto_product_relationship', 'relationship', 'Product slug', 0, 1, 1, 0, 0, 1, '{\"model\":\"App\\\\Product\",\"table\":\"products\",\"type\":\"belongsTo\",\"column\":\"pid\",\"key\":\"name\",\"label\":\"slug\",\"pivot_table\":\"categories\",\"pivot\":\"0\",\"taggable\":\"0\"}', 10),
(145, 15, 'id', 'text', 'Id', 1, 1, 1, 0, 0, 0, '{}', 1),
(146, 15, 'code', 'text', 'Code', 1, 1, 1, 1, 1, 1, '{}', 2),
(149, 15, 'created_at', 'timestamp', 'Created At', 0, 0, 1, 1, 0, 1, '{}', 5),
(150, 15, 'updated_at', 'timestamp', 'Updated At', 0, 0, 0, 0, 0, 0, '{}', 6),
(151, 9, 'status', 'select_dropdown', 'Status', 0, 1, 1, 1, 1, 1, '{\"default\":\"pending\",\"options\":{\"pending\":\"Pending\",\"declined\":\"Declined\",\"approve\":\"Approved\",\"refund\":\"Refund Request\",\"Returned\":\"Returned\",\"rejected\":\"Rejected\"}}', 18),
(152, 15, 'type', 'select_dropdown', 'Type', 1, 1, 1, 1, 1, 1, '{\"default\":\"option1\",\"options\":{\"option1\":\"Fixed\",\"option2\":\"percentage\"}}', 3),
(153, 15, 'value', 'text', 'Value', 0, 1, 1, 1, 1, 1, '{}', 4),
(154, 15, 'percent_off', 'text', 'Percent Off', 0, 1, 1, 1, 1, 1, '{}', 5),
(155, 18, 'id', 'text', 'Id', 1, 0, 0, 0, 0, 0, '{}', 0),
(156, 18, 'order_id', 'text', 'Order Id', 0, 1, 1, 1, 1, 1, '{}', 2),
(157, 18, 'product_id', 'text', 'Product Id', 0, 1, 1, 1, 1, 1, '{}', 4),
(158, 18, 'quantity', 'text', 'Quantity', 1, 1, 1, 1, 1, 1, '{}', 5),
(159, 18, 'created_at', 'timestamp', 'Created At', 0, 0, 0, 0, 0, 0, '{}', 6),
(160, 18, 'updated_at', 'timestamp', 'Updated At', 0, 0, 0, 0, 0, 0, '{}', 7),
(161, 18, 'order_product_belongsto_product_relationship', 'relationship', 'products', 0, 1, 1, 1, 1, 1, '{\"model\":\"App\\\\Product\",\"table\":\"products\",\"type\":\"belongsTo\",\"column\":\"product_id\",\"key\":\"name\",\"label\":\"name\",\"pivot_table\":\"categories\",\"pivot\":\"0\",\"taggable\":\"0\"}', 3),
(162, 19, 'id', 'text', '#', 1, 1, 0, 0, 0, 0, '{}', 1),
(163, 19, 'name', 'text', 'Name', 1, 1, 1, 0, 1, 1, '{}', 2),
(164, 19, 'email', 'text', 'Email', 1, 1, 1, 0, 1, 1, '{}', 3),
(165, 19, 'subject', 'text', 'Subject', 0, 1, 1, 0, 1, 1, '{}', 4),
(166, 19, 'message', 'text', 'Message', 1, 0, 1, 0, 1, 1, '{}', 5),
(167, 19, 'created_at', 'timestamp', 'Posted on', 0, 1, 1, 0, 0, 1, '{}', 6),
(168, 19, 'updated_at', 'timestamp', 'Updated At', 0, 0, 0, 0, 0, 0, '{}', 7),
(169, 20, 'id', 'text', 'Id', 1, 0, 0, 0, 0, 0, '{}', 1),
(170, 20, 'mail', 'text', 'Mail', 1, 1, 1, 0, 0, 1, '{}', 2),
(171, 20, 'status', 'text', 'Status', 1, 1, 1, 0, 0, 1, '{}', 3),
(172, 20, 'created_at', 'timestamp', 'Created At', 0, 0, 1, 0, 0, 1, '{}', 4),
(173, 20, 'updated_at', 'timestamp', 'Updated At', 0, 0, 0, 0, 0, 0, '{}', 5),
(174, 21, 'id', 'text', 'Id', 1, 0, 0, 0, 0, 0, '{}', 1),
(175, 21, 'role_id', 'select_dropdown', 'Role Id', 0, 1, 1, 1, 1, 1, '{}', 2),
(176, 21, 'name', 'text', 'Name', 1, 1, 1, 1, 1, 1, '{}', 3),
(177, 21, 'lname', 'text', 'Lname', 1, 0, 1, 1, 1, 1, '{}', 4),
(178, 21, 'email', 'text', 'Email', 1, 1, 1, 1, 1, 1, '{}', 5),
(179, 21, 'avatar', 'text', 'Avatar', 0, 0, 1, 1, 1, 1, '{}', 6),
(180, 21, 'email_verified_at', 'timestamp', 'Email Verified At', 0, 0, 1, 1, 1, 1, '{}', 7),
(181, 21, 'password', 'text', 'Password', 1, 0, 0, 0, 0, 0, '{}', 8),
(182, 21, 'remember_token', 'text', 'Remember Token', 0, 0, 0, 0, 0, 0, '{}', 9),
(183, 21, 'settings', 'text', 'Settings', 0, 0, 1, 1, 1, 1, '{}', 10),
(184, 21, 'created_at', 'timestamp', 'Created At', 0, 0, 1, 1, 0, 1, '{}', 11),
(185, 21, 'updated_at', 'timestamp', 'Updated At', 0, 0, 0, 0, 0, 0, '{}', 12),
(187, 21, 'user_belongsto_role_relationship', 'relationship', 'roles', 0, 1, 1, 1, 1, 1, '{\"model\":\"TCG\\\\Voyager\\\\Models\\\\Role\",\"table\":\"roles\",\"type\":\"belongsTo\",\"column\":\"role_id\",\"key\":\"id\",\"label\":\"display_name\",\"pivot_table\":\"categories\",\"pivot\":\"0\",\"taggable\":\"0\"}', 13);

-- --------------------------------------------------------

--
-- Table structure for table `data_types`
--

CREATE TABLE `data_types` (
  `id` int(10) UNSIGNED NOT NULL,
  `name` varchar(191) COLLATE utf8mb4_unicode_ci NOT NULL,
  `slug` varchar(191) COLLATE utf8mb4_unicode_ci NOT NULL,
  `display_name_singular` varchar(191) COLLATE utf8mb4_unicode_ci NOT NULL,
  `display_name_plural` varchar(191) COLLATE utf8mb4_unicode_ci NOT NULL,
  `icon` varchar(191) COLLATE utf8mb4_unicode_ci DEFAULT NULL,
  `model_name` varchar(191) COLLATE utf8mb4_unicode_ci DEFAULT NULL,
  `policy_name` varchar(191) COLLATE utf8mb4_unicode_ci DEFAULT NULL,
  `controller` varchar(191) COLLATE utf8mb4_unicode_ci DEFAULT NULL,
  `description` varchar(191) COLLATE utf8mb4_unicode_ci DEFAULT NULL,
  `generate_permissions` tinyint(1) NOT NULL DEFAULT '0',
  `server_side` tinyint(4) NOT NULL DEFAULT '0',
  `details` text COLLATE utf8mb4_unicode_ci,
  `created_at` timestamp NULL DEFAULT NULL,
  `updated_at` timestamp NULL DEFAULT NULL
) ENGINE=InnoDB DEFAULT CHARSET=utf8mb4 COLLATE=utf8mb4_unicode_ci;

--
-- Dumping data for table `data_types`
--

INSERT INTO `data_types` (`id`, `name`, `slug`, `display_name_singular`, `display_name_plural`, `icon`, `model_name`, `policy_name`, `controller`, `description`, `generate_permissions`, `server_side`, `details`, `created_at`, `updated_at`) VALUES
(2, 'menus', 'menus', 'Menu', 'Menus', 'voyager-list', 'TCG\\Voyager\\Models\\Menu', NULL, '', '', 1, 0, NULL, '2018-11-03 08:20:59', '2018-11-03 08:20:59'),
(3, 'roles', 'roles', 'Role', 'Roles', 'voyager-lock', 'TCG\\Voyager\\Models\\Role', NULL, '', '', 1, 0, NULL, '2018-11-03 08:20:59', '2018-11-03 08:20:59'),
(4, 'categories', 'categories', 'Category', 'Categories', 'voyager-categories', 'TCG\\Voyager\\Models\\Category', NULL, NULL, NULL, 1, 0, '{\"order_column\":null,\"order_display_column\":null}', '2018-11-03 08:21:06', '2018-11-03 10:33:04'),
(5, 'posts', 'posts', 'Post', 'Posts', 'voyager-news', 'TCG\\Voyager\\Models\\Post', 'TCG\\Voyager\\Policies\\PostPolicy', '', '', 1, 0, NULL, '2018-11-03 08:21:08', '2018-11-03 08:21:08'),
(6, 'pages', 'pages', 'Page', 'Pages', 'voyager-file-text', 'TCG\\Voyager\\Models\\Page', NULL, '', '', 1, 0, NULL, '2018-11-03 08:21:11', '2018-11-03 08:21:11'),
(7, 'products', 'products', 'Product', 'Products', NULL, 'App\\Product', NULL, NULL, NULL, 1, 1, '{\"order_column\":null,\"order_display_column\":null}', '2018-11-03 08:23:44', '2018-12-05 10:54:17'),
(8, 'product_categories', 'product-categories', 'Product Category', 'Product Categories', NULL, 'App\\ProductCategory', NULL, NULL, NULL, 1, 1, '{\"order_column\":null,\"order_display_column\":null}', '2018-11-03 08:26:29', '2018-11-08 07:14:09'),
(9, 'orders', 'orders', 'Order', 'Orders', 'voyager-bag', 'App\\Order', NULL, '\\App\\Http\\Controllers\\Voyager\\OrdersController', NULL, 1, 1, '{\"order_column\":null,\"order_display_column\":null}', '2018-12-02 04:11:31', '2019-01-21 11:34:52'),
(10, 'sliders', 'sliders', 'Slider', 'Sliders', 'voyager-play', 'App\\Slider', NULL, NULL, NULL, 1, 0, '{\"order_column\":null,\"order_display_column\":null}', '2018-12-05 10:00:10', '2018-12-05 10:00:10'),
(11, 'reviews', 'reviews', 'Review', 'Reviews', 'voyager-bubble', 'App\\Review', NULL, NULL, NULL, 1, 1, '{\"order_column\":null,\"order_display_column\":null}', '2018-12-28 06:08:38', '2018-12-28 06:29:09'),
(15, 'coupons', 'coupons', 'Coupon', 'Coupons', 'voyager-gift', 'App\\Coupon', NULL, NULL, NULL, 1, 0, '{\"order_column\":null,\"order_display_column\":null}', '2019-01-07 22:17:12', '2019-01-21 11:39:26'),
(18, 'order_products', 'sales-report', 'Order Product', 'Order Products', NULL, 'App\\OrderProduct', NULL, NULL, NULL, 1, 0, '{\"order_column\":null,\"order_display_column\":null}', '2019-01-21 12:27:25', '2019-01-21 12:40:36'),
(19, 'contactuses', 'contactuses', 'Massage', 'Massages', 'voyager-chat', 'App\\Contactus', NULL, NULL, NULL, 1, 1, '{\"order_column\":null,\"order_display_column\":null}', '2019-01-28 23:34:17', '2019-01-28 23:34:17'),
(20, 'subscribers', 'subscribers', 'Subscriber', 'Subscribers', NULL, 'App\\Subscriber', NULL, NULL, NULL, 1, 1, '{\"order_column\":null,\"order_display_column\":null}', '2019-01-28 23:35:59', '2019-01-28 23:35:59'),
(21, 'users', 'users', 'User', 'Users', NULL, 'App\\User', NULL, NULL, NULL, 1, 0, '{\"order_column\":null,\"order_display_column\":null}', '2019-01-29 06:18:14', '2019-01-29 06:59:37');

-- --------------------------------------------------------

--
-- Table structure for table `featured_categories`
--

CREATE TABLE `featured_categories` (
  `id` int(10) UNSIGNED NOT NULL,
  `name` varchar(191) CHARACTER SET utf8mb4 COLLATE utf8mb4_unicode_ci NOT NULL,
  `slug` varchar(191) NOT NULL,
  `created_at` timestamp NULL DEFAULT NULL,
  `updated_at` timestamp NULL DEFAULT NULL
) ENGINE=InnoDB DEFAULT CHARSET=latin1;

-- --------------------------------------------------------

--
-- Table structure for table `menus`
--

CREATE TABLE `menus` (
  `id` int(10) UNSIGNED NOT NULL,
  `name` varchar(191) COLLATE utf8mb4_unicode_ci NOT NULL,
  `created_at` timestamp NULL DEFAULT NULL,
  `updated_at` timestamp NULL DEFAULT NULL
) ENGINE=InnoDB DEFAULT CHARSET=utf8mb4 COLLATE=utf8mb4_unicode_ci;

--
-- Dumping data for table `menus`
--

INSERT INTO `menus` (`id`, `name`, `created_at`, `updated_at`) VALUES
(1, 'admin', '2018-11-03 08:21:01', '2018-11-03 08:21:01');

-- --------------------------------------------------------

--
-- Table structure for table `menu_items`
--

CREATE TABLE `menu_items` (
  `id` int(10) UNSIGNED NOT NULL,
  `menu_id` int(10) UNSIGNED DEFAULT NULL,
  `title` varchar(191) COLLATE utf8mb4_unicode_ci NOT NULL,
  `url` varchar(191) COLLATE utf8mb4_unicode_ci NOT NULL,
  `target` varchar(191) COLLATE utf8mb4_unicode_ci NOT NULL DEFAULT '_self',
  `icon_class` varchar(191) COLLATE utf8mb4_unicode_ci DEFAULT NULL,
  `color` varchar(191) COLLATE utf8mb4_unicode_ci DEFAULT NULL,
  `parent_id` int(11) DEFAULT NULL,
  `order` int(11) NOT NULL,
  `created_at` timestamp NULL DEFAULT NULL,
  `updated_at` timestamp NULL DEFAULT NULL,
  `route` varchar(191) COLLATE utf8mb4_unicode_ci DEFAULT NULL,
  `parameters` text COLLATE utf8mb4_unicode_ci
) ENGINE=InnoDB DEFAULT CHARSET=utf8mb4 COLLATE=utf8mb4_unicode_ci;

--
-- Dumping data for table `menu_items`
--

INSERT INTO `menu_items` (`id`, `menu_id`, `title`, `url`, `target`, `icon_class`, `color`, `parent_id`, `order`, `created_at`, `updated_at`, `route`, `parameters`) VALUES
(1, 1, 'Dashboard', '', '_self', 'voyager-boat', NULL, NULL, 1, '2018-11-03 08:21:01', '2018-11-03 08:21:01', 'voyager.dashboard', NULL),
(2, 1, 'Media', '', '_self', 'voyager-images', NULL, 5, 3, '2018-11-03 08:21:01', '2018-12-28 06:21:04', 'voyager.media.index', NULL),
(3, 1, 'Users', '', '_self', 'voyager-person', NULL, NULL, 6, '2018-11-03 08:21:02', '2019-01-28 13:18:42', 'voyager.users.index', NULL),
(4, 1, 'Roles', '', '_self', 'voyager-lock', NULL, 5, 4, '2018-11-03 08:21:02', '2018-12-28 06:21:04', 'voyager.roles.index', NULL),
(5, 1, 'Tools', '', '_self', 'voyager-tools', NULL, NULL, 14, '2018-11-03 08:21:02', '2019-01-28 23:36:35', NULL, NULL),
(6, 1, 'Menu Builder', '', '_self', 'voyager-list', NULL, 5, 1, '2018-11-03 08:21:02', '2018-12-04 09:53:19', 'voyager.menus.index', NULL),
(7, 1, 'Database', '', '_self', 'voyager-data', NULL, 5, 8, '2018-11-03 08:21:02', '2018-12-28 06:21:04', 'voyager.database.index', NULL),
(8, 1, 'Compass', '', '_self', 'voyager-compass', NULL, 5, 5, '2018-11-03 08:21:02', '2018-12-28 06:21:04', 'voyager.compass.index', NULL),
(9, 1, 'BREAD', '', '_self', 'voyager-bread', NULL, 5, 7, '2018-11-03 08:21:02', '2018-12-28 06:21:04', 'voyager.bread.index', NULL),
(10, 1, 'Settings', '', '_self', 'voyager-settings', '#f46c70', NULL, 13, '2018-11-03 08:21:02', '2019-01-28 23:36:35', 'voyager.settings.index', 'null'),
(11, 1, 'Post Categories', '', '_self', 'voyager-categories', '#000000', 5, 6, '2018-11-03 08:21:07', '2018-12-28 06:21:04', 'voyager.categories.index', 'null'),
(12, 1, 'Posts', '', '_self', 'voyager-news', NULL, NULL, 7, '2018-11-03 08:21:10', '2019-01-28 13:18:42', 'voyager.posts.index', NULL),
(13, 1, 'Pages', '', '_self', 'voyager-file-text', NULL, 5, 2, '2018-11-03 08:21:12', '2018-12-28 06:21:04', 'voyager.pages.index', NULL),
(14, 1, 'Hooks', '', '_self', 'voyager-hook', NULL, 5, 9, '2018-11-03 08:21:17', '2018-12-28 06:21:04', 'voyager.hooks', NULL),
(15, 1, 'Products', '', '_self', 'voyager-bag', '#000000', NULL, 3, '2018-11-03 08:23:44', '2019-01-28 13:18:42', 'voyager.products.index', 'null'),
(16, 1, 'Product Categories', '', '_self', 'voyager-categories', '#000000', NULL, 4, '2018-11-03 08:26:29', '2019-01-28 13:18:42', 'voyager.product-categories.index', 'null'),
(17, 1, 'Orders', '', '_self', 'voyager-window-list', '#1fb6b1', NULL, 5, '2018-12-02 04:11:31', '2019-01-28 13:18:42', 'voyager.orders.index', 'null'),
(18, 1, 'Sliders', '', '_self', 'voyager-play', NULL, NULL, 9, '2018-12-05 10:00:10', '2019-01-28 13:18:42', 'voyager.sliders.index', NULL),
(19, 1, 'Reviews', '', '_self', 'voyager-star-half', '#81baa7', NULL, 8, '2018-12-28 06:08:38', '2019-01-28 13:18:42', 'voyager.reviews.index', 'null'),
(20, 1, 'Coupons', '', '_self', 'voyager-gift', '#000000', NULL, 10, '2019-01-07 21:51:52', '2019-01-28 13:18:42', 'voyager.coupons.index', 'null'),
(22, 1, 'Sales Report', '', '_self', 'voyager-bar-chart', '#000000', NULL, 2, '2019-01-21 12:27:25', '2019-01-28 13:19:17', 'voyager.sales-report.index', 'null'),
(23, 1, 'Massages', '', '_self', 'voyager-chat', NULL, NULL, 11, '2019-01-28 23:34:17', '2019-01-28 23:36:31', 'voyager.contactuses.index', NULL),
(24, 1, 'Subscribers', '', '_self', 'voyager-smile', '#000000', NULL, 12, '2019-01-28 23:35:59', '2019-01-28 23:37:17', 'voyager.subscribers.index', 'null');

-- --------------------------------------------------------

--
-- Table structure for table `migrations`
--

CREATE TABLE `migrations` (
  `id` int(10) UNSIGNED NOT NULL,
  `migration` varchar(191) COLLATE utf8mb4_unicode_ci NOT NULL,
  `batch` int(11) NOT NULL
) ENGINE=InnoDB DEFAULT CHARSET=utf8mb4 COLLATE=utf8mb4_unicode_ci;

--
-- Dumping data for table `migrations`
--

INSERT INTO `migrations` (`id`, `migration`, `batch`) VALUES
(1, '2014_10_12_000000_create_users_table', 1),
(2, '2014_10_12_100000_create_password_resets_table', 1),
(3, '2016_01_01_000000_add_voyager_user_fields', 1),
(4, '2016_01_01_000000_create_data_types_table', 1),
(5, '2016_01_01_000000_create_pages_table', 1),
(6, '2016_01_01_000000_create_posts_table', 1),
(7, '2016_02_15_204651_create_categories_table', 1),
(8, '2016_05_19_173453_create_menu_table', 1),
(9, '2016_10_21_190000_create_roles_table', 1),
(10, '2016_10_21_190000_create_settings_table', 1),
(11, '2016_11_30_135954_create_permission_table', 1),
(12, '2016_11_30_141208_create_permission_role_table', 1),
(13, '2016_12_26_201236_data_types__add__server_side', 1),
(14, '2017_01_13_000000_add_route_to_menu_items_table', 1),
(15, '2017_01_14_005015_create_translations_table', 1),
(16, '2017_01_15_000000_make_table_name_nullable_in_permissions_table', 1),
(17, '2017_03_06_000000_add_controller_to_data_types_table', 1),
(18, '2017_04_11_000000_alter_post_nullable_fields_table', 1),
(19, '2017_04_21_000000_add_order_to_data_rows_table', 1),
(20, '2017_07_05_210000_add_policyname_to_data_types_table', 1),
(21, '2017_08_05_000000_add_group_to_settings_table', 1),
(22, '2017_11_26_013050_add_user_role_relationship', 1),
(23, '2017_11_26_015000_create_user_roles_table', 1),
(24, '2018_03_11_000000_add_user_settings', 1),
(25, '2018_03_14_000000_add_details_to_data_types_table', 1),
(26, '2018_03_16_000000_make_settings_value_nullable', 1),
(27, '2018_11_02_133645_create_products_table', 1),
(28, '2018_11_03_140427_create_product_categories_table', 1),
(29, '2018_11_29_180255_create_orders_table', 2),
(30, '2018_11_29_201952_create_order_products_table', 2),
(31, '2018_12_05_155515_create_sliders_table', 3),
(32, '2018_12_05_163726_create_weeklies_table', 4),
(33, '2018_12_29_234819_create_wishlists_table', 4),
(34, '2019_01_07_134421_create_coupons_table', 5),
(35, '2019_01_07_142305_create_coupons_table', 6),
(36, '2019_01_07_154820_create_coupons_table', 7),
(37, '2019_01_27_154623_create_order_indices_table', 8),
(38, '2019_01_29_050613_create_subscribers_table', 9),
(39, '2019_01_29_050746_create_contactuses_table', 9);

-- --------------------------------------------------------

--
-- Table structure for table `orders`
--

CREATE TABLE `orders` (
  `id` int(10) UNSIGNED NOT NULL,
  `user_id` int(10) UNSIGNED DEFAULT NULL,
  `billing_email` varchar(191) COLLATE utf8mb4_unicode_ci NOT NULL,
  `billing_first_name` varchar(191) COLLATE utf8mb4_unicode_ci NOT NULL,
  `billing_last_name` varchar(191) COLLATE utf8mb4_unicode_ci NOT NULL,
  `billing_phone_no` varchar(191) COLLATE utf8mb4_unicode_ci NOT NULL,
  `billing_address` varchar(191) COLLATE utf8mb4_unicode_ci NOT NULL,
  `billing_town` varchar(191) COLLATE utf8mb4_unicode_ci NOT NULL,
  `billing_city` varchar(191) COLLATE utf8mb4_unicode_ci NOT NULL,
  `billing_zip_code` varchar(191) COLLATE utf8mb4_unicode_ci NOT NULL,
  `billing_discount` int(11) DEFAULT NULL,
  `billing_discount_code` varchar(191) COLLATE utf8mb4_unicode_ci DEFAULT NULL,
  `billing_subtotal` decimal(11,2) NOT NULL,
  `billing_shipping_fee` int(11) NOT NULL,
  `billing_total` decimal(11,2) NOT NULL,
  `billing_payment_gateway` varchar(191) COLLATE utf8mb4_unicode_ci NOT NULL DEFAULT 'stripe',
  `billing_id` varchar(191) COLLATE utf8mb4_unicode_ci NOT NULL,
  `shipped` tinyint(1) NOT NULL DEFAULT '0',
  `status` varchar(191) COLLATE utf8mb4_unicode_ci DEFAULT NULL,
  `created_at` timestamp NULL DEFAULT NULL,
  `updated_at` timestamp NULL DEFAULT NULL
) ENGINE=InnoDB DEFAULT CHARSET=utf8mb4 COLLATE=utf8mb4_unicode_ci;

--
-- Dumping data for table `orders`
--

INSERT INTO `orders` (`id`, `user_id`, `billing_email`, `billing_first_name`, `billing_last_name`, `billing_phone_no`, `billing_address`, `billing_town`, `billing_city`, `billing_zip_code`, `billing_discount`, `billing_discount_code`, `billing_subtotal`, `billing_shipping_fee`, `billing_total`, `billing_payment_gateway`, `billing_id`, `shipped`, `status`, `created_at`, `updated_at`) VALUES
(1, NULL, 'admin@admin.com', 'sdasda', 'sadasd', '3423423', '234234234', 'sdfsd', 'werw', '2123', 100, 'new', '1500.00', 0, '1500.00', 'paypal', '', 0, NULL, '2018-12-02 03:54:29', '2018-12-02 03:54:29'),
(2, NULL, 'admin@admin.com', 'sdasda', 'sadasd', '3423423', '234234234', 'sdfsd', 'werw', '2123', 0, NULL, '1500.00', 0, '1500.00', 'paypal', '', 0, NULL, '2018-12-02 03:56:36', '2018-12-02 03:56:36'),
(3, NULL, 'admin@admin.com', 'sdasda', 'sadasd', '3423423', '234234234', 'sdfsd', 'werw', '2123', 0, NULL, '1500.00', 0, '1500.00', 'paypal', '', 0, NULL, '2018-12-02 04:02:14', '2018-12-02 04:02:14'),
(4, NULL, 'admin@admin.com', 'sdasda', 'sadasd', '3423423', '234234234', 'sdfsd', 'werw', '2123', 0, NULL, '1290.00', 0, '1290.00', 'stripe', '', 0, NULL, '2018-12-02 08:33:31', '2018-12-02 08:33:31'),
(5, NULL, 'admin@admin.com', 'sdasda', 'sadasd', '3423423', '234234234', 'sdfsd', 'werw', '2123', 0, NULL, '1290.00', 0, '1290.00', 'stripe', '', 0, NULL, '2018-12-02 08:38:24', '2018-12-02 08:38:24'),
(6, 1, 'admin@admin.com', 'Admin', 'admin', '0167017323', '234234234', 'sdfsd', '1', '2123', 0, NULL, '1000.00', 0, '1000.00', 'stripe', '', 1, NULL, '2018-12-02 09:13:00', '2018-12-02 11:04:24'),
(7, 1, 'admin@admin.com', 'Admin', 'admin', '01676214428', 'something', 'some', 'dhaka', '1111', 0, NULL, '6123.00', 0, '6123.00', 'stripe', '', 0, 'pending', '2018-12-02 10:59:21', '2018-12-02 10:59:21'),
(8, 1, 'admin@admin.com', 'Admin', 'admin', '01676214428', 'sadasdsdfdsf sdfsdf sdf', 'some', '1', '1111', 0, NULL, '2722.00', 0, '2722.00', 'stripe', '', 1, 'approve', '2018-12-03 07:05:00', '2019-01-21 12:24:49'),
(9, NULL, 'iammuaj@gmail.com', 'First', 'Client', '01676214428', 'sadasdsdfdsf sdfsdf sdf', 'Dhaka', '1', '1200', 0, NULL, '615.00', 0, '615.00', 'stripe', '', 0, 'approve', '2018-12-04 08:45:00', '2019-01-21 12:24:38'),
(10, 1, 'admin@admin.com', 'Admin', 'admin', '3423423', '234234234', 'sdfsd', 'werw', '2123', NULL, NULL, '800.00', 0, '800.00', 'stripe', '', 0, NULL, '2019-01-25 03:06:23', '2019-01-25 03:06:23'),
(11, 1, 'admin@admin.com', 'Admin', 'admin', '3423423', '234234234', 'sdfsd', 'werw', '2123', NULL, NULL, '1600.00', 0, '1600.00', 'stripe', '', 0, NULL, '2019-01-25 03:07:35', '2019-01-25 03:07:35'),
(12, 1, 'admin@admin.com', 'Admin', 'admin', '3423423', '234234234', 'sdfsd', 'werw', '2123', NULL, NULL, '1000.00', 0, '1000.00', 'stripe', 'ch_1DwQhgA9991L9AO40K7OUtsQ', 0, NULL, '2019-01-25 03:10:27', '2019-01-25 03:10:27'),
(13, 1, 'admin@admin.com', 'Admin', 'admin', '3423423', '234234234', 'sdfsd', 'werw', '2123', NULL, NULL, '1000.00', 0, '1000.00', 'stripe', 'ch_1DwQhiA9991L9AO4QE8Y2IFh', 0, NULL, '2019-01-25 03:10:29', '2019-01-25 03:10:29'),
(14, 1, 'admin@admin.com', 'Admin', 'admin', '3423423', '234234234', 'sdfsd', 'werw', '2123', NULL, NULL, '2000.00', 0, '2000.00', 'stripe', 'ch_1DwQiYA9991L9AO49rpWk4O2', 0, NULL, '2019-01-25 03:11:21', '2019-01-25 03:11:21'),
(15, 1, 'admin@admin.com', 'Admin', 'admin', '3423423', '234234234', 'sdfsd', 'werw', '2123', NULL, NULL, '2000.00', 0, '2000.00', 'stripe', 'ch_1DxFjnA9991L9AO4i9O8chWf', 0, 'Pending', '2019-01-27 09:40:00', '2019-01-27 09:40:00'),
(16, 1, 'admin@admin.com', 'Admin', 'admin', '3423423', '234234234', 'sdfsd', 'werw', '2123', NULL, NULL, '1000.00', 0, '1000.00', 'stripe', 'ch_1DxG03A9991L9AO40my8Xrcy', 0, 'Pending', '2019-01-27 09:56:48', '2019-01-27 09:56:48'),
(17, 1, 'admin@admin.com', 'Admin', 'admin', '3423423', '234234234', 'sdfsd', 'werw', '2123', NULL, NULL, '1099.00', 0, '1099.00', 'stripe', 'ch_1DxG1cA9991L9AO4ka2fCB5O', 0, 'Pending', '2019-01-27 09:58:26', '2019-01-27 09:58:26'),
(18, 1, 'admin@admin.com', 'Admin', 'admin', '3423423', '234234234', 'sdfsd', 'werw', '2123', NULL, NULL, '198.00', 0, '198.00', 'stripe', 'ch_1DxpfSA9991L9AO48lOOw5vW', 0, 'Pending', '2019-01-29 00:01:56', '2019-01-29 00:01:56'),
(19, 1, 'admin@admin.com', 'Admin', 'admin', '3423423', '234234234', 'sdfsd', 'werw', '2123', 80, 'New', '800.00', 0, '720.00', 'stripe', 'ch_1DxqJOA9991L9AO40U2qk5o1', 0, 'Pending', '2019-01-29 00:43:12', '2019-01-29 00:43:12'),
(20, 1, 'admin@admin.com', 'Admin', 'admin', '3423423', '234234234', 'sdfsd', 'werw', '2123', 80, 'New', '800.00', 0, '720.00', 'stripe', 'ch_1DxsIXA9991L9AO4TvVdVfvU', 0, 'Pending', '2019-01-29 02:50:27', '2019-01-29 02:50:27'),
(21, 1, 'admin@admin.com', 'Admin', 'admin', '3423423', '234234234', 'sdfsd', 'werw', '2123', 80, 'New', '800.00', 0, '720.00', 'stripe', 'ch_1DxsJ9A9991L9AO4eBaGE7at', 0, 'Pending', '2019-01-29 02:51:05', '2019-01-29 02:51:05'),
(22, 1, 'admin@admin.com', 'Admin', 'admin', '3423423', '234234234', 'sdfsd', 'werw', '2123', 80, 'New', '800.00', 0, '720.00', 'stripe', 'ch_1DxsKhA9991L9AO4Q3TB1DEp', 0, 'Pending', '2019-01-29 02:52:41', '2019-01-29 02:52:41'),
(23, 1, 'admin@admin.com', 'Admin', 'admin', '3423423', '234234234', 'sdfsd', 'werw', '2123', 80, 'New', '4000.00', 0, '3920.00', 'stripe', 'ch_1DxsLcA9991L9AO4myyjLTgJ', 0, 'Pending', '2019-01-29 02:53:38', '2019-01-29 02:53:38');

-- --------------------------------------------------------

--
-- Table structure for table `order_indices`
--

CREATE TABLE `order_indices` (
  `id` int(10) UNSIGNED NOT NULL,
  `user_id` varchar(191) COLLATE utf8mb4_unicode_ci NOT NULL,
  `order_no` varchar(191) COLLATE utf8mb4_unicode_ci NOT NULL,
  `order_code` varchar(191) COLLATE utf8mb4_unicode_ci NOT NULL,
  `tracker` varchar(191) COLLATE utf8mb4_unicode_ci NOT NULL,
  `created_at` timestamp NULL DEFAULT NULL,
  `updated_at` timestamp NULL DEFAULT NULL
) ENGINE=InnoDB DEFAULT CHARSET=utf8mb4 COLLATE=utf8mb4_unicode_ci;

--
-- Dumping data for table `order_indices`
--

INSERT INTO `order_indices` (`id`, `user_id`, `order_no`, `order_code`, `tracker`, `created_at`, `updated_at`) VALUES
(1, '1', '16', '09fa9068cbf48ec', 'fa6359d57b53f00e', '2019-01-27 09:56:48', '2019-01-27 09:56:48'),
(2, '1', '17', 'cfeae60f4b2236a', 'a41a5511553e2929', '2019-01-27 09:58:26', '2019-01-27 09:58:26'),
(3, '1', '18', '281e60660dd9886', 'e44c815e77648fcd', '2019-01-29 00:01:56', '2019-01-29 00:01:56'),
(4, '1', '19', '6b80f804d90c87d', 'd037a33c4ec7be56', '2019-01-29 00:43:12', '2019-01-29 00:43:12'),
(5, '1', '22', 'ccf393f54f6005a', 'f53d028cabb423df', '2019-01-29 02:52:41', '2019-01-29 02:52:41'),
(6, '1', '23', '4d4b6679ec91391', '0c2136625021258c', '2019-01-29 02:53:38', '2019-01-29 02:53:38');

-- --------------------------------------------------------

--
-- Table structure for table `order_products`
--

CREATE TABLE `order_products` (
  `id` int(10) UNSIGNED NOT NULL,
  `order_id` int(10) UNSIGNED DEFAULT NULL,
  `product_id` int(10) UNSIGNED DEFAULT NULL,
  `quantity` int(10) UNSIGNED NOT NULL,
  `created_at` timestamp NULL DEFAULT NULL,
  `updated_at` timestamp NULL DEFAULT NULL
) ENGINE=InnoDB DEFAULT CHARSET=utf8mb4 COLLATE=utf8mb4_unicode_ci;

--
-- Dumping data for table `order_products`
--

INSERT INTO `order_products` (`id`, `order_id`, `product_id`, `quantity`, `created_at`, `updated_at`) VALUES
(1, 3, 1, 1, '2018-12-02 04:02:14', '2018-12-02 04:02:14'),
(2, 3, 5, 1, '2018-12-02 04:02:14', '2018-12-02 04:02:14'),
(3, 5, 8, 1, '2018-12-02 08:38:24', '2018-12-02 08:38:24'),
(4, 6, 1, 1, '2018-12-02 09:13:10', '2018-12-02 09:13:10'),
(5, 7, 6, 1, '2018-12-02 10:59:21', '2018-12-02 10:59:21'),
(6, 7, 9, 2, '2018-12-02 10:59:21', '2018-12-02 10:59:21'),
(7, 7, 2, 1, '2018-12-02 10:59:21', '2018-12-02 10:59:21'),
(8, 8, 6, 1, '2018-12-03 07:05:40', '2018-12-03 07:05:40'),
(9, 8, 9, 1, '2018-12-03 07:05:40', '2018-12-03 07:05:40'),
(10, 8, 7, 1, '2018-12-03 07:05:40', '2018-12-03 07:05:40'),
(11, 9, 6, 5, '2018-12-04 08:45:36', '2018-12-04 08:45:36'),
(12, 10, 1, 1, '2019-01-25 03:06:23', '2019-01-25 03:06:23'),
(13, 11, 1, 2, '2019-01-25 03:07:35', '2019-01-25 03:07:35'),
(14, 12, 1, 1, '2019-01-25 03:10:27', '2019-01-25 03:10:27'),
(15, 13, 1, 1, '2019-01-25 03:10:29', '2019-01-25 03:10:29'),
(16, 14, 2, 2, '2019-01-25 03:11:21', '2019-01-25 03:11:21'),
(17, 15, 1, 2, '2019-01-27 09:40:01', '2019-01-27 09:40:01'),
(18, 16, 2, 1, '2019-01-27 09:56:48', '2019-01-27 09:56:48'),
(19, 17, 14, 1, '2019-01-27 09:58:26', '2019-01-27 09:58:26'),
(20, 17, 12, 1, '2019-01-27 09:58:26', '2019-01-27 09:58:26'),
(21, 18, 14, 2, '2019-01-29 00:01:56', '2019-01-29 00:01:56'),
(22, 19, 1, 1, '2019-01-29 00:43:12', '2019-01-29 00:43:12'),
(23, 20, 1, 1, '2019-01-29 02:50:27', '2019-01-29 02:50:27'),
(24, 21, 1, 1, '2019-01-29 02:51:05', '2019-01-29 02:51:05'),
(25, 22, 1, 1, '2019-01-29 02:52:41', '2019-01-29 02:52:41'),
(26, 23, 1, 5, '2019-01-29 02:53:38', '2019-01-29 02:53:38');

-- --------------------------------------------------------

--
-- Table structure for table `pages`
--

CREATE TABLE `pages` (
  `id` int(10) UNSIGNED NOT NULL,
  `author_id` int(11) NOT NULL,
  `title` varchar(191) COLLATE utf8mb4_unicode_ci NOT NULL,
  `excerpt` text COLLATE utf8mb4_unicode_ci,
  `body` text COLLATE utf8mb4_unicode_ci,
  `image` varchar(191) COLLATE utf8mb4_unicode_ci DEFAULT NULL,
  `slug` varchar(191) COLLATE utf8mb4_unicode_ci NOT NULL,
  `meta_description` text COLLATE utf8mb4_unicode_ci,
  `meta_keywords` text COLLATE utf8mb4_unicode_ci,
  `status` enum('ACTIVE','INACTIVE') COLLATE utf8mb4_unicode_ci NOT NULL DEFAULT 'INACTIVE',
  `created_at` timestamp NULL DEFAULT NULL,
  `updated_at` timestamp NULL DEFAULT NULL
) ENGINE=InnoDB DEFAULT CHARSET=utf8mb4 COLLATE=utf8mb4_unicode_ci;

--
-- Dumping data for table `pages`
--

INSERT INTO `pages` (`id`, `author_id`, `title`, `excerpt`, `body`, `image`, `slug`, `meta_description`, `meta_keywords`, `status`, `created_at`, `updated_at`) VALUES
(1, 0, 'Hello World', 'Hang the jib grog grog blossom grapple dance the hempen jig gangway pressgang bilge rat to go on account lugger. Nelsons folly gabion line draught scallywag fire ship gaff fluke fathom case shot. Sea Legs bilge rat sloop matey gabion long clothes run a shot across the bow Gold Road cog league.', '<p>Hello World. Scallywag grog swab Cat o\'nine tails scuttle rigging hardtack cable nipper Yellow Jack. Handsomely spirits knave lad killick landlubber or just lubber deadlights chantey pinnace crack Jennys tea cup. Provost long clothes black spot Yellow Jack bilged on her anchor league lateen sail case shot lee tackle.</p>\n<p>Ballast spirits fluke topmast me quarterdeck schooner landlubber or just lubber gabion belaying pin. Pinnace stern galleon starboard warp carouser to go on account dance the hempen jig jolly boat measured fer yer chains. Man-of-war fire in the hole nipperkin handsomely doubloon barkadeer Brethren of the Coast gibbet driver squiffy.</p>', 'pages/page1.jpg', 'hello-world', 'Yar Meta Description', 'Keyword1, Keyword2', 'ACTIVE', '2018-11-03 08:21:13', '2018-11-03 08:21:13');

-- --------------------------------------------------------

--
-- Table structure for table `password_resets`
--

CREATE TABLE `password_resets` (
  `email` varchar(191) COLLATE utf8mb4_unicode_ci NOT NULL,
  `token` varchar(191) COLLATE utf8mb4_unicode_ci NOT NULL,
  `created_at` timestamp NULL DEFAULT NULL
) ENGINE=InnoDB DEFAULT CHARSET=utf8mb4 COLLATE=utf8mb4_unicode_ci;

--
-- Dumping data for table `password_resets`
--

INSERT INTO `password_resets` (`email`, `token`, `created_at`) VALUES
('admin@admin.com', '$2y$10$DMrbGwfDzB467HGp468YVuEclCoM39JEADLP46d6gV1nn.03Ed6oe', '2019-01-28 13:47:32'),
('saaifuuu@gmail.com', '$2y$10$js1MJk1V.3dLO13zxmmos.YbDPf1dLxT5pEI8KSBGwoGqbFKNb65i', '2019-02-06 07:55:31');

-- --------------------------------------------------------

--
-- Table structure for table `permissions`
--

CREATE TABLE `permissions` (
  `id` int(10) UNSIGNED NOT NULL,
  `key` varchar(191) COLLATE utf8mb4_unicode_ci NOT NULL,
  `table_name` varchar(191) COLLATE utf8mb4_unicode_ci DEFAULT NULL,
  `created_at` timestamp NULL DEFAULT NULL,
  `updated_at` timestamp NULL DEFAULT NULL
) ENGINE=InnoDB DEFAULT CHARSET=utf8mb4 COLLATE=utf8mb4_unicode_ci;

--
-- Dumping data for table `permissions`
--

INSERT INTO `permissions` (`id`, `key`, `table_name`, `created_at`, `updated_at`) VALUES
(1, 'browse_admin', NULL, '2018-11-03 08:21:02', '2018-11-03 08:21:02'),
(2, 'browse_bread', NULL, '2018-11-03 08:21:02', '2018-11-03 08:21:02'),
(3, 'browse_database', NULL, '2018-11-03 08:21:03', '2018-11-03 08:21:03'),
(4, 'browse_media', NULL, '2018-11-03 08:21:03', '2018-11-03 08:21:03'),
(5, 'browse_compass', NULL, '2018-11-03 08:21:03', '2018-11-03 08:21:03'),
(6, 'browse_menus', 'menus', '2018-11-03 08:21:03', '2018-11-03 08:21:03'),
(7, 'read_menus', 'menus', '2018-11-03 08:21:03', '2018-11-03 08:21:03'),
(8, 'edit_menus', 'menus', '2018-11-03 08:21:03', '2018-11-03 08:21:03'),
(9, 'add_menus', 'menus', '2018-11-03 08:21:03', '2018-11-03 08:21:03'),
(10, 'delete_menus', 'menus', '2018-11-03 08:21:03', '2018-11-03 08:21:03'),
(11, 'browse_roles', 'roles', '2018-11-03 08:21:03', '2018-11-03 08:21:03'),
(12, 'read_roles', 'roles', '2018-11-03 08:21:03', '2018-11-03 08:21:03'),
(13, 'edit_roles', 'roles', '2018-11-03 08:21:03', '2018-11-03 08:21:03'),
(14, 'add_roles', 'roles', '2018-11-03 08:21:03', '2018-11-03 08:21:03'),
(15, 'delete_roles', 'roles', '2018-11-03 08:21:03', '2018-11-03 08:21:03'),
(21, 'browse_settings', 'settings', '2018-11-03 08:21:04', '2018-11-03 08:21:04'),
(22, 'read_settings', 'settings', '2018-11-03 08:21:04', '2018-11-03 08:21:04'),
(23, 'edit_settings', 'settings', '2018-11-03 08:21:04', '2018-11-03 08:21:04'),
(24, 'add_settings', 'settings', '2018-11-03 08:21:04', '2018-11-03 08:21:04'),
(25, 'delete_settings', 'settings', '2018-11-03 08:21:04', '2018-11-03 08:21:04'),
(26, 'browse_categories', 'categories', '2018-11-03 08:21:07', '2018-11-03 08:21:07'),
(27, 'read_categories', 'categories', '2018-11-03 08:21:07', '2018-11-03 08:21:07'),
(28, 'edit_categories', 'categories', '2018-11-03 08:21:07', '2018-11-03 08:21:07'),
(29, 'add_categories', 'categories', '2018-11-03 08:21:07', '2018-11-03 08:21:07'),
(30, 'delete_categories', 'categories', '2018-11-03 08:21:07', '2018-11-03 08:21:07'),
(31, 'browse_posts', 'posts', '2018-11-03 08:21:10', '2018-11-03 08:21:10'),
(32, 'read_posts', 'posts', '2018-11-03 08:21:10', '2018-11-03 08:21:10'),
(33, 'edit_posts', 'posts', '2018-11-03 08:21:10', '2018-11-03 08:21:10'),
(34, 'add_posts', 'posts', '2018-11-03 08:21:10', '2018-11-03 08:21:10'),
(35, 'delete_posts', 'posts', '2018-11-03 08:21:10', '2018-11-03 08:21:10'),
(36, 'browse_pages', 'pages', '2018-11-03 08:21:12', '2018-11-03 08:21:12'),
(37, 'read_pages', 'pages', '2018-11-03 08:21:12', '2018-11-03 08:21:12'),
(38, 'edit_pages', 'pages', '2018-11-03 08:21:12', '2018-11-03 08:21:12'),
(39, 'add_pages', 'pages', '2018-11-03 08:21:12', '2018-11-03 08:21:12'),
(40, 'delete_pages', 'pages', '2018-11-03 08:21:13', '2018-11-03 08:21:13'),
(41, 'browse_hooks', NULL, '2018-11-03 08:21:18', '2018-11-03 08:21:18'),
(42, 'browse_products', 'products', '2018-11-03 08:23:44', '2018-11-03 08:23:44'),
(43, 'read_products', 'products', '2018-11-03 08:23:44', '2018-11-03 08:23:44'),
(44, 'edit_products', 'products', '2018-11-03 08:23:44', '2018-11-03 08:23:44'),
(45, 'add_products', 'products', '2018-11-03 08:23:44', '2018-11-03 08:23:44'),
(46, 'delete_products', 'products', '2018-11-03 08:23:44', '2018-11-03 08:23:44'),
(47, 'browse_product_categories', 'product_categories', '2018-11-03 08:26:29', '2018-11-03 08:26:29'),
(48, 'read_product_categories', 'product_categories', '2018-11-03 08:26:29', '2018-11-03 08:26:29'),
(49, 'edit_product_categories', 'product_categories', '2018-11-03 08:26:29', '2018-11-03 08:26:29'),
(50, 'add_product_categories', 'product_categories', '2018-11-03 08:26:29', '2018-11-03 08:26:29'),
(51, 'delete_product_categories', 'product_categories', '2018-11-03 08:26:29', '2018-11-03 08:26:29'),
(52, 'browse_orders', 'orders', '2018-12-02 04:11:31', '2018-12-02 04:11:31'),
(53, 'read_orders', 'orders', '2018-12-02 04:11:31', '2018-12-02 04:11:31'),
(54, 'edit_orders', 'orders', '2018-12-02 04:11:31', '2018-12-02 04:11:31'),
(55, 'add_orders', 'orders', '2018-12-02 04:11:31', '2018-12-02 04:11:31'),
(56, 'delete_orders', 'orders', '2018-12-02 04:11:31', '2018-12-02 04:11:31'),
(57, 'browse_sliders', 'sliders', '2018-12-05 10:00:10', '2018-12-05 10:00:10'),
(58, 'read_sliders', 'sliders', '2018-12-05 10:00:10', '2018-12-05 10:00:10'),
(59, 'edit_sliders', 'sliders', '2018-12-05 10:00:10', '2018-12-05 10:00:10'),
(60, 'add_sliders', 'sliders', '2018-12-05 10:00:10', '2018-12-05 10:00:10'),
(61, 'delete_sliders', 'sliders', '2018-12-05 10:00:10', '2018-12-05 10:00:10'),
(62, 'browse_reviews', 'reviews', '2018-12-28 06:08:38', '2018-12-28 06:08:38'),
(63, 'read_reviews', 'reviews', '2018-12-28 06:08:38', '2018-12-28 06:08:38'),
(64, 'edit_reviews', 'reviews', '2018-12-28 06:08:38', '2018-12-28 06:08:38'),
(65, 'add_reviews', 'reviews', '2018-12-28 06:08:38', '2018-12-28 06:08:38'),
(66, 'delete_reviews', 'reviews', '2018-12-28 06:08:38', '2018-12-28 06:08:38'),
(82, 'browse_coupons', 'coupons', '2019-01-07 22:17:12', '2019-01-07 22:17:12'),
(83, 'read_coupons', 'coupons', '2019-01-07 22:17:12', '2019-01-07 22:17:12'),
(84, 'edit_coupons', 'coupons', '2019-01-07 22:17:12', '2019-01-07 22:17:12'),
(85, 'add_coupons', 'coupons', '2019-01-07 22:17:12', '2019-01-07 22:17:12'),
(86, 'delete_coupons', 'coupons', '2019-01-07 22:17:12', '2019-01-07 22:17:12'),
(87, 'browse_sales-report', 'sales-report', '2019-01-21 12:21:01', '2019-01-21 12:21:01'),
(88, 'read_sales-report', 'sales-report', '2019-01-21 12:21:01', '2019-01-21 12:21:01'),
(89, 'edit_sales-report', 'sales-report', '2019-01-21 12:21:01', '2019-01-21 12:21:01'),
(90, 'add_sales-report', 'sales-report', '2019-01-21 12:21:01', '2019-01-21 12:21:01'),
(91, 'delete_sales-report', 'sales-report', '2019-01-21 12:21:01', '2019-01-21 12:21:01'),
(92, 'browse_order_products', 'order_products', '2019-01-21 12:27:25', '2019-01-21 12:27:25'),
(93, 'read_order_products', 'order_products', '2019-01-21 12:27:25', '2019-01-21 12:27:25'),
(94, 'edit_order_products', 'order_products', '2019-01-21 12:27:25', '2019-01-21 12:27:25'),
(95, 'add_order_products', 'order_products', '2019-01-21 12:27:25', '2019-01-21 12:27:25'),
(96, 'delete_order_products', 'order_products', '2019-01-21 12:27:25', '2019-01-21 12:27:25'),
(97, 'browse_contactuses', 'contactuses', '2019-01-28 23:34:17', '2019-01-28 23:34:17'),
(98, 'read_contactuses', 'contactuses', '2019-01-28 23:34:17', '2019-01-28 23:34:17'),
(99, 'edit_contactuses', 'contactuses', '2019-01-28 23:34:17', '2019-01-28 23:34:17'),
(100, 'add_contactuses', 'contactuses', '2019-01-28 23:34:17', '2019-01-28 23:34:17'),
(101, 'delete_contactuses', 'contactuses', '2019-01-28 23:34:17', '2019-01-28 23:34:17'),
(102, 'browse_subscribers', 'subscribers', '2019-01-28 23:35:59', '2019-01-28 23:35:59'),
(103, 'read_subscribers', 'subscribers', '2019-01-28 23:35:59', '2019-01-28 23:35:59'),
(104, 'edit_subscribers', 'subscribers', '2019-01-28 23:35:59', '2019-01-28 23:35:59'),
(105, 'add_subscribers', 'subscribers', '2019-01-28 23:35:59', '2019-01-28 23:35:59'),
(106, 'delete_subscribers', 'subscribers', '2019-01-28 23:35:59', '2019-01-28 23:35:59'),
(107, 'browse_users', 'users', '2019-01-29 06:18:14', '2019-01-29 06:18:14'),
(108, 'read_users', 'users', '2019-01-29 06:18:14', '2019-01-29 06:18:14'),
(109, 'edit_users', 'users', '2019-01-29 06:18:14', '2019-01-29 06:18:14'),
(110, 'add_users', 'users', '2019-01-29 06:18:14', '2019-01-29 06:18:14'),
(111, 'delete_users', 'users', '2019-01-29 06:18:14', '2019-01-29 06:18:14');

-- --------------------------------------------------------

--
-- Table structure for table `permission_role`
--

CREATE TABLE `permission_role` (
  `permission_id` int(10) UNSIGNED NOT NULL,
  `role_id` int(10) UNSIGNED NOT NULL
) ENGINE=InnoDB DEFAULT CHARSET=utf8mb4 COLLATE=utf8mb4_unicode_ci;

--
-- Dumping data for table `permission_role`
--

INSERT INTO `permission_role` (`permission_id`, `role_id`) VALUES
(1, 1),
(2, 1),
(3, 1),
(4, 1),
(5, 1),
(6, 1),
(7, 1),
(8, 1),
(9, 1),
(10, 1),
(11, 1),
(12, 1),
(13, 1),
(14, 1),
(15, 1),
(21, 1),
(22, 1),
(23, 1),
(24, 1),
(25, 1),
(26, 1),
(27, 1),
(28, 1),
(29, 1),
(30, 1),
(31, 1),
(32, 1),
(33, 1),
(34, 1),
(35, 1),
(36, 1),
(37, 1),
(38, 1),
(39, 1),
(40, 1),
(41, 1),
(42, 1),
(43, 1),
(44, 1),
(45, 1),
(46, 1),
(47, 1),
(48, 1),
(49, 1),
(50, 1),
(51, 1),
(52, 1),
(53, 1),
(54, 1),
(57, 1),
(58, 1),
(59, 1),
(60, 1),
(61, 1),
(62, 1),
(63, 1),
(66, 1),
(82, 1),
(83, 1),
(84, 1),
(85, 1),
(86, 1),
(92, 1),
(97, 1),
(98, 1),
(99, 1),
(100, 1),
(101, 1),
(102, 1),
(103, 1),
(107, 1),
(108, 1),
(109, 1),
(110, 1),
(111, 1);

-- --------------------------------------------------------

--
-- Table structure for table `posts`
--

CREATE TABLE `posts` (
  `id` int(10) UNSIGNED NOT NULL,
  `author_id` int(11) NOT NULL,
  `category_id` int(11) DEFAULT NULL,
  `title` varchar(191) COLLATE utf8mb4_unicode_ci NOT NULL,
  `seo_title` varchar(191) COLLATE utf8mb4_unicode_ci DEFAULT NULL,
  `excerpt` text COLLATE utf8mb4_unicode_ci,
  `body` text COLLATE utf8mb4_unicode_ci NOT NULL,
  `image` varchar(191) COLLATE utf8mb4_unicode_ci DEFAULT NULL,
  `slug` varchar(191) COLLATE utf8mb4_unicode_ci NOT NULL,
  `meta_description` text COLLATE utf8mb4_unicode_ci,
  `meta_keywords` text COLLATE utf8mb4_unicode_ci,
  `status` enum('PUBLISHED','DRAFT','PENDING') COLLATE utf8mb4_unicode_ci NOT NULL DEFAULT 'DRAFT',
  `featured` tinyint(1) NOT NULL DEFAULT '0',
  `created_at` timestamp NULL DEFAULT NULL,
  `updated_at` timestamp NULL DEFAULT NULL
) ENGINE=InnoDB DEFAULT CHARSET=utf8mb4 COLLATE=utf8mb4_unicode_ci;

--
-- Dumping data for table `posts`
--

INSERT INTO `posts` (`id`, `author_id`, `category_id`, `title`, `seo_title`, `excerpt`, `body`, `image`, `slug`, `meta_description`, `meta_keywords`, `status`, `featured`, `created_at`, `updated_at`) VALUES
(1, 0, NULL, 'Lorem Ipsum Post', NULL, 'This is the excerpt for the Lorem Ipsum Post', '<p>This is the body of the lorem ipsum post</p>', 'posts/post1.jpg', 'lorem-ipsum-post', 'This is the meta description', 'keyword1, keyword2, keyword3', 'PUBLISHED', 0, '2018-11-03 08:21:10', '2018-11-03 08:21:10'),
(2, 0, NULL, 'My Sample Post', NULL, 'This is the excerpt for the sample Post', '<p>This is the body for the sample post, which includes the body.</p>\n                <h2>We can use all kinds of format!</h2>\n                <p>And include a bunch of other stuff.</p>', 'posts/post2.jpg', 'my-sample-post', 'Meta Description for sample post', 'keyword1, keyword2, keyword3', 'PUBLISHED', 0, '2018-11-03 08:21:10', '2018-11-03 08:21:10'),
(3, 0, NULL, 'Latest Post', NULL, 'This is the excerpt for the latest post', '<p>This is the body for the latest post</p>', 'posts/post3.jpg', 'latest-post', 'This is the meta description', 'keyword1, keyword2, keyword3', 'PUBLISHED', 0, '2018-11-03 08:21:11', '2018-11-03 08:21:11'),
(4, 0, NULL, 'Yarr Post', NULL, 'Reef sails nipperkin bring a spring upon her cable coffer jury mast spike marooned Pieces of Eight poop deck pillage. Clipper driver coxswain galleon hempen halter come about pressgang gangplank boatswain swing the lead. Nipperkin yard skysail swab lanyard Blimey bilge water ho quarter Buccaneer.', '<p>Swab deadlights Buccaneer fire ship square-rigged dance the hempen jig weigh anchor cackle fruit grog furl. Crack Jennys tea cup chase guns pressgang hearties spirits hogshead Gold Road six pounders fathom measured fer yer chains. Main sheet provost come about trysail barkadeer crimp scuttle mizzenmast brig plunder.</p>\n<p>Mizzen league keelhaul galleon tender cog chase Barbary Coast doubloon crack Jennys tea cup. Blow the man down lugsail fire ship pinnace cackle fruit line warp Admiral of the Black strike colors doubloon. Tackle Jack Ketch come about crimp rum draft scuppers run a shot across the bow haul wind maroon.</p>\n<p>Interloper heave down list driver pressgang holystone scuppers tackle scallywag bilged on her anchor. Jack Tar interloper draught grapple mizzenmast hulk knave cable transom hogshead. Gaff pillage to go on account grog aft chase guns piracy yardarm knave clap of thunder.</p>', 'posts/post4.jpg', 'yarr-post', 'this be a meta descript', 'keyword1, keyword2, keyword3', 'PUBLISHED', 0, '2018-11-03 08:21:11', '2018-11-03 08:21:11'),
(5, 1, 1, 'Hi this is new post', NULL, NULL, '<p><span style=\"color: #232323; font-family: Rubik, sans-serif; font-size: 15px; letter-spacing: 0.26px;\">Reef sails nipperkin bring a spring upon her cable coffer jury mast spike marooned Pieces of Eight poop deck pillage. Clipper driver coxswain galleon hempen halter come about pressgang gangplank boatswain swing the lead. Nipperkin yard skysail swab lanyard Blimey bilge water ho quarter Buccaneer.</span></p>', 'posts\\November2018\\KDQt69xELBZog6QzpgxG.jpg', 'hi-this-is-new-post', NULL, NULL, 'PUBLISHED', 0, '2018-11-07 10:56:12', '2018-11-07 10:57:07');

-- --------------------------------------------------------

--
-- Table structure for table `products`
--

CREATE TABLE `products` (
  `id` int(10) UNSIGNED NOT NULL,
  `name` varchar(191) COLLATE utf8mb4_unicode_ci NOT NULL,
  `slug` varchar(191) COLLATE utf8mb4_unicode_ci NOT NULL,
  `details` varchar(191) COLLATE utf8mb4_unicode_ci DEFAULT NULL,
  `present_price` varchar(191) COLLATE utf8mb4_unicode_ci NOT NULL,
  `discount_price` varchar(191) COLLATE utf8mb4_unicode_ci DEFAULT NULL,
  `description` text COLLATE utf8mb4_unicode_ci NOT NULL,
  `feature_name` varchar(191) COLLATE utf8mb4_unicode_ci NOT NULL,
  `feature_color` varchar(191) COLLATE utf8mb4_unicode_ci NOT NULL,
  `category_id` int(11) NOT NULL,
  `created_at` timestamp NULL DEFAULT NULL,
  `updated_at` timestamp NULL DEFAULT NULL,
  `product_image` varchar(191) COLLATE utf8mb4_unicode_ci DEFAULT NULL,
  `gallery_image1` varchar(191) COLLATE utf8mb4_unicode_ci DEFAULT NULL,
  `gallery_image2` varchar(191) COLLATE utf8mb4_unicode_ci DEFAULT NULL,
  `gallery_image3` varchar(191) COLLATE utf8mb4_unicode_ci DEFAULT NULL,
  `gallery_image4` varchar(191) COLLATE utf8mb4_unicode_ci DEFAULT NULL,
  `stock` int(11) NOT NULL DEFAULT '0',
  `percentige` int(11) DEFAULT NULL,
  `badge` varchar(10) COLLATE utf8mb4_unicode_ci DEFAULT NULL,
  `weekly` datetime DEFAULT NULL
) ENGINE=InnoDB DEFAULT CHARSET=utf8mb4 COLLATE=utf8mb4_unicode_ci;

--
-- Dumping data for table `products`
--

INSERT INTO `products` (`id`, `name`, `slug`, `details`, `present_price`, `discount_price`, `description`, `feature_name`, `feature_color`, `category_id`, `created_at`, `updated_at`, `product_image`, `gallery_image1`, `gallery_image2`, `gallery_image3`, `gallery_image4`, `stock`, `percentige`, `badge`, `weekly`) VALUES
(1, 'Wooden Sofa', 'wooden-sofa', 'Best Sofa in the world', '1000', '800', '<p><span style=\"color: #545454; font-family: arial, sans-serif; font-size: small;\">Hey there guys, I\'ve been using&nbsp;</span><span style=\"font-weight: bold; color: #6a6a6a; font-family: arial, sans-serif; font-size: small;\">Laravel</span><span style=\"color: #545454; font-family: arial, sans-serif; font-size: small;\">&nbsp;for a couple of months by now. Do love it. However, never had the need to save&nbsp;</span><span style=\"font-weight: bold; color: #6a6a6a; font-family: arial, sans-serif; font-size: small;\">rich text</span><span style=\"color: #545454; font-family: arial, sans-serif; font-size: small;\">, but as today I\'ve be. ... When I get the text in the view I get the text without any&nbsp;</span><span style=\"font-weight: bold; color: #6a6a6a; font-family: arial, sans-serif; font-size: small;\">formatting</span><span style=\"color: #545454; font-family: arial, sans-serif; font-size: small;\">, meaning no line ... I just tried inserting HTML to a text field in&nbsp;</span><span style=\"font-weight: bold; color: #6a6a6a; font-family: arial, sans-serif; font-size: small;\">DB</span><span style=\"color: #545454; font-family: arial, sans-serif; font-size: small;\">&nbsp;and outputting it with {!! ... !!} , works fine.</span></p>', 'Wooden Sofa', 'Wood Color', 4, '2018-11-03 09:09:45', '2019-01-29 02:53:38', 'products\\November2018\\uiaUA140D3wBPWrQ3fbd.jpg', NULL, NULL, NULL, NULL, 4, NULL, NULL, '2019-01-02 00:00:00'),
(2, 'Wooden Bed', 'wooden-bed', 'Best bed in the world', '1000', '800', '<p><span style=\"color: #242729; font-family: Arial, \'Helvetica Neue\', Helvetica, sans-serif; font-size: 15px;\">&nbsp;had a similar problem. But the problem was in the file name \'.htaccess\', because the Windows doesn\'t let the file\'s name begin with a \".\", the solution was rename the file with a CMD command. \"rename c:\\xampp\\htdocs\\htaccess.txt .htaccess</span></p>', 'Wooden Bed', 'Wood', 7, '2018-11-05 06:13:59', '2018-11-08 14:09:58', 'products\\November2018\\gtUqf7O1FqOTM8aN84y5.JPG', 'products\\November2018\\BkCJkJi1hPLAI6hDdO39.jpg', 'products\\November2018\\HbbLmy6uRmMyuRHW3iYl.jpg', NULL, NULL, 3, 2, NULL, NULL),
(5, 'Master Bed v4', 'master-bed-v4', 'In publishing and graphic design, lorem ipsum is a placeholder text used to demonstrate the', '500', '499.9', '<div>\r\n<h2>What is Lorem Ipsum?</h2>\r\n<p><strong>Lorem Ipsum</strong> is simply dummy text of the printing and typesetting industry. Lorem Ipsum has been the industry\'s standard dummy text ever since the 1500s, when an unknown printer took a galley of type and scrambled it to make a <em><span style=\"text-decoration: underline;\">type</span></em> specimen book. It has survived not only five centuries, but also the leap into electronic typesetting, remaining essentially unchanged. It was popularised in the 1960s with the release of Letraset sheets containing Lorem Ipsum passages, and more recently with desktop publishing software like Aldus PageMaker including versions of Lorem Ipsum.</p>\r\n</div>', 'Bed', 'Wooden', 5, '2018-11-10 13:06:03', '2018-11-10 13:06:03', 'products\\November2018\\isPQYZ2CSaV6zxAx8QjF.jpg', 'products\\November2018\\d851RKwCDBaBhfhXkOC3.jpg', 'products\\November2018\\HPc3V5aXEcML8qJ9HSah.png', NULL, NULL, 25, NULL, NULL, '2018-12-30 00:00:00'),
(6, 'Adriana Complete Captain\'s Bed', 'adriana-complete-captain-s-bed', 'Adriana Complete Captain\'s Bed (as shown in picture). \r\nAvailable in Cherry', '123', '110', '<p><!-- [if gte mso 9]><xml>\r\n <w:WordDocument>\r\n  <w:View>Normal</w:View>\r\n  <w:Zoom>0</w:Zoom>\r\n  <w:TrackMoves/>\r\n  <w:TrackFormatting/>\r\n  <w:PunctuationKerning/>\r\n  <w:ValidateAgainstSchemas/>\r\n  <w:SaveIfXMLInvalid>false</w:SaveIfXMLInvalid>\r\n  <w:IgnoreMixedContent>false</w:IgnoreMixedContent>\r\n  <w:AlwaysShowPlaceholderText>false</w:AlwaysShowPlaceholderText>\r\n  <w:DoNotPromoteQF/>\r\n  <w:LidThemeOther>EN-US</w:LidThemeOther>\r\n  <w:LidThemeAsian>X-NONE</w:LidThemeAsian>\r\n  <w:LidThemeComplexScript>X-NONE</w:LidThemeComplexScript>\r\n  <w:Compatibility>\r\n   <w:BreakWrappedTables/>\r\n   <w:SnapToGridInCell/>\r\n   <w:WrapTextWithPunct/>\r\n   <w:UseAsianBreakRules/>\r\n   <w:DontGrowAutofit/>\r\n   <w:SplitPgBreakAndParaMark/>\r\n   <w:EnableOpenTypeKerning/>\r\n   <w:DontFlipMirrorIndents/>\r\n   <w:OverrideTableStyleHps/>\r\n   <w:UseFELayout/>\r\n  </w:Compatibility>\r\n  <m:mathPr>\r\n   <m:mathFont m:val=\"Cambria Math\"/>\r\n   <m:brkBin m:val=\"before\"/>\r\n   <m:brkBinSub m:val=\"&#45;-\"/>\r\n   <m:smallFrac m:val=\"off\"/>\r\n   <m:dispDef/>\r\n   <m:lMargin m:val=\"0\"/>\r\n   <m:rMargin m:val=\"0\"/>\r\n   <m:defJc m:val=\"centerGroup\"/>\r\n   <m:wrapIndent m:val=\"1440\"/>\r\n   <m:intLim m:val=\"subSup\"/>\r\n   <m:naryLim m:val=\"undOvr\"/>\r\n  </m:mathPr></w:WordDocument>\r\n</xml><![endif]--><!-- [if gte mso 9]><xml>\r\n <w:LatentStyles DefLockedState=\"false\" DefUnhideWhenUsed=\"false\"\r\n  DefSemiHidden=\"false\" DefQFormat=\"false\" DefPriority=\"99\"\r\n  LatentStyleCount=\"371\">\r\n  <w:LsdException Locked=\"false\" Priority=\"0\" QFormat=\"true\" Name=\"Normal\"/>\r\n  <w:LsdException Locked=\"false\" Priority=\"9\" QFormat=\"true\" Name=\"heading 1\"/>\r\n  <w:LsdException Locked=\"false\" Priority=\"9\" SemiHidden=\"true\"\r\n   UnhideWhenUsed=\"true\" QFormat=\"true\" Name=\"heading 2\"/>\r\n  <w:LsdException Locked=\"false\" Priority=\"9\" SemiHidden=\"true\"\r\n   UnhideWhenUsed=\"true\" QFormat=\"true\" Name=\"heading 3\"/>\r\n  <w:LsdException Locked=\"false\" Priority=\"9\" SemiHidden=\"true\"\r\n   UnhideWhenUsed=\"true\" QFormat=\"true\" Name=\"heading 4\"/>\r\n  <w:LsdException Locked=\"false\" Priority=\"9\" SemiHidden=\"true\"\r\n   UnhideWhenUsed=\"true\" QFormat=\"true\" Name=\"heading 5\"/>\r\n  <w:LsdException Locked=\"false\" Priority=\"9\" SemiHidden=\"true\"\r\n   UnhideWhenUsed=\"true\" QFormat=\"true\" Name=\"heading 6\"/>\r\n  <w:LsdException Locked=\"false\" Priority=\"9\" SemiHidden=\"true\"\r\n   UnhideWhenUsed=\"true\" QFormat=\"true\" Name=\"heading 7\"/>\r\n  <w:LsdException Locked=\"false\" Priority=\"9\" SemiHidden=\"true\"\r\n   UnhideWhenUsed=\"true\" QFormat=\"true\" Name=\"heading 8\"/>\r\n  <w:LsdException Locked=\"false\" Priority=\"9\" SemiHidden=\"true\"\r\n   UnhideWhenUsed=\"true\" QFormat=\"true\" Name=\"heading 9\"/>\r\n  <w:LsdException Locked=\"false\" SemiHidden=\"true\" UnhideWhenUsed=\"true\"\r\n   Name=\"index 1\"/>\r\n  <w:LsdException Locked=\"false\" SemiHidden=\"true\" UnhideWhenUsed=\"true\"\r\n   Name=\"index 2\"/>\r\n  <w:LsdException Locked=\"false\" SemiHidden=\"true\" UnhideWhenUsed=\"true\"\r\n   Name=\"index 3\"/>\r\n  <w:LsdException Locked=\"false\" SemiHidden=\"true\" UnhideWhenUsed=\"true\"\r\n   Name=\"index 4\"/>\r\n  <w:LsdException Locked=\"false\" SemiHidden=\"true\" UnhideWhenUsed=\"true\"\r\n   Name=\"index 5\"/>\r\n  <w:LsdException Locked=\"false\" SemiHidden=\"true\" UnhideWhenUsed=\"true\"\r\n   Name=\"index 6\"/>\r\n  <w:LsdException Locked=\"false\" SemiHidden=\"true\" UnhideWhenUsed=\"true\"\r\n   Name=\"index 7\"/>\r\n  <w:LsdException Locked=\"false\" SemiHidden=\"true\" UnhideWhenUsed=\"true\"\r\n   Name=\"index 8\"/>\r\n  <w:LsdException Locked=\"false\" SemiHidden=\"true\" UnhideWhenUsed=\"true\"\r\n   Name=\"index 9\"/>\r\n  <w:LsdException Locked=\"false\" Priority=\"39\" SemiHidden=\"true\"\r\n   UnhideWhenUsed=\"true\" Name=\"toc 1\"/>\r\n  <w:LsdException Locked=\"false\" Priority=\"39\" SemiHidden=\"true\"\r\n   UnhideWhenUsed=\"true\" Name=\"toc 2\"/>\r\n  <w:LsdException Locked=\"false\" Priority=\"39\" SemiHidden=\"true\"\r\n   UnhideWhenUsed=\"true\" Name=\"toc 3\"/>\r\n  <w:LsdException Locked=\"false\" Priority=\"39\" SemiHidden=\"true\"\r\n   UnhideWhenUsed=\"true\" Name=\"toc 4\"/>\r\n  <w:LsdException Locked=\"false\" Priority=\"39\" SemiHidden=\"true\"\r\n   UnhideWhenUsed=\"true\" Name=\"toc 5\"/>\r\n  <w:LsdException Locked=\"false\" Priority=\"39\" SemiHidden=\"true\"\r\n   UnhideWhenUsed=\"true\" Name=\"toc 6\"/>\r\n  <w:LsdException Locked=\"false\" Priority=\"39\" SemiHidden=\"true\"\r\n   UnhideWhenUsed=\"true\" Name=\"toc 7\"/>\r\n  <w:LsdException Locked=\"false\" Priority=\"39\" SemiHidden=\"true\"\r\n   UnhideWhenUsed=\"true\" Name=\"toc 8\"/>\r\n  <w:LsdException Locked=\"false\" Priority=\"39\" SemiHidden=\"true\"\r\n   UnhideWhenUsed=\"true\" Name=\"toc 9\"/>\r\n  <w:LsdException Locked=\"false\" SemiHidden=\"true\" UnhideWhenUsed=\"true\"\r\n   Name=\"Normal Indent\"/>\r\n  <w:LsdException Locked=\"false\" SemiHidden=\"true\" UnhideWhenUsed=\"true\"\r\n   Name=\"footnote text\"/>\r\n  <w:LsdException Locked=\"false\" SemiHidden=\"true\" UnhideWhenUsed=\"true\"\r\n   Name=\"annotation text\"/>\r\n  <w:LsdException Locked=\"false\" SemiHidden=\"true\" UnhideWhenUsed=\"true\"\r\n   Name=\"header\"/>\r\n  <w:LsdException Locked=\"false\" SemiHidden=\"true\" UnhideWhenUsed=\"true\"\r\n   Name=\"footer\"/>\r\n  <w:LsdException Locked=\"false\" SemiHidden=\"true\" UnhideWhenUsed=\"true\"\r\n   Name=\"index heading\"/>\r\n  <w:LsdException Locked=\"false\" Priority=\"35\" SemiHidden=\"true\"\r\n   UnhideWhenUsed=\"true\" QFormat=\"true\" Name=\"caption\"/>\r\n  <w:LsdException Locked=\"false\" SemiHidden=\"true\" UnhideWhenUsed=\"true\"\r\n   Name=\"table of figures\"/>\r\n  <w:LsdException Locked=\"false\" SemiHidden=\"true\" UnhideWhenUsed=\"true\"\r\n   Name=\"envelope address\"/>\r\n  <w:LsdException Locked=\"false\" SemiHidden=\"true\" UnhideWhenUsed=\"true\"\r\n   Name=\"envelope return\"/>\r\n  <w:LsdException Locked=\"false\" SemiHidden=\"true\" UnhideWhenUsed=\"true\"\r\n   Name=\"footnote reference\"/>\r\n  <w:LsdException Locked=\"false\" SemiHidden=\"true\" UnhideWhenUsed=\"true\"\r\n   Name=\"annotation reference\"/>\r\n  <w:LsdException Locked=\"false\" SemiHidden=\"true\" UnhideWhenUsed=\"true\"\r\n   Name=\"line number\"/>\r\n  <w:LsdException Locked=\"false\" SemiHidden=\"true\" UnhideWhenUsed=\"true\"\r\n   Name=\"page number\"/>\r\n  <w:LsdException Locked=\"false\" SemiHidden=\"true\" UnhideWhenUsed=\"true\"\r\n   Name=\"endnote reference\"/>\r\n  <w:LsdException Locked=\"false\" SemiHidden=\"true\" UnhideWhenUsed=\"true\"\r\n   Name=\"endnote text\"/>\r\n  <w:LsdException Locked=\"false\" SemiHidden=\"true\" UnhideWhenUsed=\"true\"\r\n   Name=\"table of authorities\"/>\r\n  <w:LsdException Locked=\"false\" SemiHidden=\"true\" UnhideWhenUsed=\"true\"\r\n   Name=\"macro\"/>\r\n  <w:LsdException Locked=\"false\" SemiHidden=\"true\" UnhideWhenUsed=\"true\"\r\n   Name=\"toa heading\"/>\r\n  <w:LsdException Locked=\"false\" SemiHidden=\"true\" UnhideWhenUsed=\"true\"\r\n   Name=\"List\"/>\r\n  <w:LsdException Locked=\"false\" SemiHidden=\"true\" UnhideWhenUsed=\"true\"\r\n   Name=\"List Bullet\"/>\r\n  <w:LsdException Locked=\"false\" SemiHidden=\"true\" UnhideWhenUsed=\"true\"\r\n   Name=\"List Number\"/>\r\n  <w:LsdException Locked=\"false\" SemiHidden=\"true\" UnhideWhenUsed=\"true\"\r\n   Name=\"List 2\"/>\r\n  <w:LsdException Locked=\"false\" SemiHidden=\"true\" UnhideWhenUsed=\"true\"\r\n   Name=\"List 3\"/>\r\n  <w:LsdException Locked=\"false\" SemiHidden=\"true\" UnhideWhenUsed=\"true\"\r\n   Name=\"List 4\"/>\r\n  <w:LsdException Locked=\"false\" SemiHidden=\"true\" UnhideWhenUsed=\"true\"\r\n   Name=\"List 5\"/>\r\n  <w:LsdException Locked=\"false\" SemiHidden=\"true\" UnhideWhenUsed=\"true\"\r\n   Name=\"List Bullet 2\"/>\r\n  <w:LsdException Locked=\"false\" SemiHidden=\"true\" UnhideWhenUsed=\"true\"\r\n   Name=\"List Bullet 3\"/>\r\n  <w:LsdException Locked=\"false\" SemiHidden=\"true\" UnhideWhenUsed=\"true\"\r\n   Name=\"List Bullet 4\"/>\r\n  <w:LsdException Locked=\"false\" SemiHidden=\"true\" UnhideWhenUsed=\"true\"\r\n   Name=\"List Bullet 5\"/>\r\n  <w:LsdException Locked=\"false\" SemiHidden=\"true\" UnhideWhenUsed=\"true\"\r\n   Name=\"List Number 2\"/>\r\n  <w:LsdException Locked=\"false\" SemiHidden=\"true\" UnhideWhenUsed=\"true\"\r\n   Name=\"List Number 3\"/>\r\n  <w:LsdException Locked=\"false\" SemiHidden=\"true\" UnhideWhenUsed=\"true\"\r\n   Name=\"List Number 4\"/>\r\n  <w:LsdException Locked=\"false\" SemiHidden=\"true\" UnhideWhenUsed=\"true\"\r\n   Name=\"List Number 5\"/>\r\n  <w:LsdException Locked=\"false\" Priority=\"10\" QFormat=\"true\" Name=\"Title\"/>\r\n  <w:LsdException Locked=\"false\" SemiHidden=\"true\" UnhideWhenUsed=\"true\"\r\n   Name=\"Closing\"/>\r\n  <w:LsdException Locked=\"false\" SemiHidden=\"true\" UnhideWhenUsed=\"true\"\r\n   Name=\"Signature\"/>\r\n  <w:LsdException Locked=\"false\" Priority=\"1\" SemiHidden=\"true\"\r\n   UnhideWhenUsed=\"true\" Name=\"Default Paragraph Font\"/>\r\n  <w:LsdException Locked=\"false\" SemiHidden=\"true\" UnhideWhenUsed=\"true\"\r\n   Name=\"Body Text\"/>\r\n  <w:LsdException Locked=\"false\" SemiHidden=\"true\" UnhideWhenUsed=\"true\"\r\n   Name=\"Body Text Indent\"/>\r\n  <w:LsdException Locked=\"false\" SemiHidden=\"true\" UnhideWhenUsed=\"true\"\r\n   Name=\"List Continue\"/>\r\n  <w:LsdException Locked=\"false\" SemiHidden=\"true\" UnhideWhenUsed=\"true\"\r\n   Name=\"List Continue 2\"/>\r\n  <w:LsdException Locked=\"false\" SemiHidden=\"true\" UnhideWhenUsed=\"true\"\r\n   Name=\"List Continue 3\"/>\r\n  <w:LsdException Locked=\"false\" SemiHidden=\"true\" UnhideWhenUsed=\"true\"\r\n   Name=\"List Continue 4\"/>\r\n  <w:LsdException Locked=\"false\" SemiHidden=\"true\" UnhideWhenUsed=\"true\"\r\n   Name=\"List Continue 5\"/>\r\n  <w:LsdException Locked=\"false\" SemiHidden=\"true\" UnhideWhenUsed=\"true\"\r\n   Name=\"Message Header\"/>\r\n  <w:LsdException Locked=\"false\" Priority=\"11\" QFormat=\"true\" Name=\"Subtitle\"/>\r\n  <w:LsdException Locked=\"false\" SemiHidden=\"true\" UnhideWhenUsed=\"true\"\r\n   Name=\"Salutation\"/>\r\n  <w:LsdException Locked=\"false\" SemiHidden=\"true\" UnhideWhenUsed=\"true\"\r\n   Name=\"Date\"/>\r\n  <w:LsdException Locked=\"false\" SemiHidden=\"true\" UnhideWhenUsed=\"true\"\r\n   Name=\"Body Text First Indent\"/>\r\n  <w:LsdException Locked=\"false\" SemiHidden=\"true\" UnhideWhenUsed=\"true\"\r\n   Name=\"Body Text First Indent 2\"/>\r\n  <w:LsdException Locked=\"false\" SemiHidden=\"true\" UnhideWhenUsed=\"true\"\r\n   Name=\"Note Heading\"/>\r\n  <w:LsdException Locked=\"false\" SemiHidden=\"true\" UnhideWhenUsed=\"true\"\r\n   Name=\"Body Text 2\"/>\r\n  <w:LsdException Locked=\"false\" SemiHidden=\"true\" UnhideWhenUsed=\"true\"\r\n   Name=\"Body Text 3\"/>\r\n  <w:LsdException Locked=\"false\" SemiHidden=\"true\" UnhideWhenUsed=\"true\"\r\n   Name=\"Body Text Indent 2\"/>\r\n  <w:LsdException Locked=\"false\" SemiHidden=\"true\" UnhideWhenUsed=\"true\"\r\n   Name=\"Body Text Indent 3\"/>\r\n  <w:LsdException Locked=\"false\" SemiHidden=\"true\" UnhideWhenUsed=\"true\"\r\n   Name=\"Block Text\"/>\r\n  <w:LsdException Locked=\"false\" SemiHidden=\"true\" UnhideWhenUsed=\"true\"\r\n   Name=\"Hyperlink\"/>\r\n  <w:LsdException Locked=\"false\" SemiHidden=\"true\" UnhideWhenUsed=\"true\"\r\n   Name=\"FollowedHyperlink\"/>\r\n  <w:LsdException Locked=\"false\" Priority=\"22\" QFormat=\"true\" Name=\"Strong\"/>\r\n  <w:LsdException Locked=\"false\" Priority=\"20\" QFormat=\"true\" Name=\"Emphasis\"/>\r\n  <w:LsdException Locked=\"false\" SemiHidden=\"true\" UnhideWhenUsed=\"true\"\r\n   Name=\"Document Map\"/>\r\n  <w:LsdException Locked=\"false\" SemiHidden=\"true\" UnhideWhenUsed=\"true\"\r\n   Name=\"Plain Text\"/>\r\n  <w:LsdException Locked=\"false\" SemiHidden=\"true\" UnhideWhenUsed=\"true\"\r\n   Name=\"E-mail Signature\"/>\r\n  <w:LsdException Locked=\"false\" SemiHidden=\"true\" UnhideWhenUsed=\"true\"\r\n   Name=\"HTML Top of Form\"/>\r\n  <w:LsdException Locked=\"false\" SemiHidden=\"true\" UnhideWhenUsed=\"true\"\r\n   Name=\"HTML Bottom of Form\"/>\r\n  <w:LsdException Locked=\"false\" SemiHidden=\"true\" UnhideWhenUsed=\"true\"\r\n   Name=\"Normal (Web)\"/>\r\n  <w:LsdException Locked=\"false\" SemiHidden=\"true\" UnhideWhenUsed=\"true\"\r\n   Name=\"HTML Acronym\"/>\r\n  <w:LsdException Locked=\"false\" SemiHidden=\"true\" UnhideWhenUsed=\"true\"\r\n   Name=\"HTML Address\"/>\r\n  <w:LsdException Locked=\"false\" SemiHidden=\"true\" UnhideWhenUsed=\"true\"\r\n   Name=\"HTML Cite\"/>\r\n  <w:LsdException Locked=\"false\" SemiHidden=\"true\" UnhideWhenUsed=\"true\"\r\n   Name=\"HTML Code\"/>\r\n  <w:LsdException Locked=\"false\" SemiHidden=\"true\" UnhideWhenUsed=\"true\"\r\n   Name=\"HTML Definition\"/>\r\n  <w:LsdException Locked=\"false\" SemiHidden=\"true\" UnhideWhenUsed=\"true\"\r\n   Name=\"HTML Keyboard\"/>\r\n  <w:LsdException Locked=\"false\" SemiHidden=\"true\" UnhideWhenUsed=\"true\"\r\n   Name=\"HTML Preformatted\"/>\r\n  <w:LsdException Locked=\"false\" SemiHidden=\"true\" UnhideWhenUsed=\"true\"\r\n   Name=\"HTML Sample\"/>\r\n  <w:LsdException Locked=\"false\" SemiHidden=\"true\" UnhideWhenUsed=\"true\"\r\n   Name=\"HTML Typewriter\"/>\r\n  <w:LsdException Locked=\"false\" SemiHidden=\"true\" UnhideWhenUsed=\"true\"\r\n   Name=\"HTML Variable\"/>\r\n  <w:LsdException Locked=\"false\" SemiHidden=\"true\" UnhideWhenUsed=\"true\"\r\n   Name=\"Normal Table\"/>\r\n  <w:LsdException Locked=\"false\" SemiHidden=\"true\" UnhideWhenUsed=\"true\"\r\n   Name=\"annotation subject\"/>\r\n  <w:LsdException Locked=\"false\" SemiHidden=\"true\" UnhideWhenUsed=\"true\"\r\n   Name=\"No List\"/>\r\n  <w:LsdException Locked=\"false\" SemiHidden=\"true\" UnhideWhenUsed=\"true\"\r\n   Name=\"Outline List 1\"/>\r\n  <w:LsdException Locked=\"false\" SemiHidden=\"true\" UnhideWhenUsed=\"true\"\r\n   Name=\"Outline List 2\"/>\r\n  <w:LsdException Locked=\"false\" SemiHidden=\"true\" UnhideWhenUsed=\"true\"\r\n   Name=\"Outline List 3\"/>\r\n  <w:LsdException Locked=\"false\" SemiHidden=\"true\" UnhideWhenUsed=\"true\"\r\n   Name=\"Table Simple 1\"/>\r\n  <w:LsdException Locked=\"false\" SemiHidden=\"true\" UnhideWhenUsed=\"true\"\r\n   Name=\"Table Simple 2\"/>\r\n  <w:LsdException Locked=\"false\" SemiHidden=\"true\" UnhideWhenUsed=\"true\"\r\n   Name=\"Table Simple 3\"/>\r\n  <w:LsdException Locked=\"false\" SemiHidden=\"true\" UnhideWhenUsed=\"true\"\r\n   Name=\"Table Classic 1\"/>\r\n  <w:LsdException Locked=\"false\" SemiHidden=\"true\" UnhideWhenUsed=\"true\"\r\n   Name=\"Table Classic 2\"/>\r\n  <w:LsdException Locked=\"false\" SemiHidden=\"true\" UnhideWhenUsed=\"true\"\r\n   Name=\"Table Classic 3\"/>\r\n  <w:LsdException Locked=\"false\" SemiHidden=\"true\" UnhideWhenUsed=\"true\"\r\n   Name=\"Table Classic 4\"/>\r\n  <w:LsdException Locked=\"false\" SemiHidden=\"true\" UnhideWhenUsed=\"true\"\r\n   Name=\"Table Colorful 1\"/>\r\n  <w:LsdException Locked=\"false\" SemiHidden=\"true\" UnhideWhenUsed=\"true\"\r\n   Name=\"Table Colorful 2\"/>\r\n  <w:LsdException Locked=\"false\" SemiHidden=\"true\" UnhideWhenUsed=\"true\"\r\n   Name=\"Table Colorful 3\"/>\r\n  <w:LsdException Locked=\"false\" SemiHidden=\"true\" UnhideWhenUsed=\"true\"\r\n   Name=\"Table Columns 1\"/>\r\n  <w:LsdException Locked=\"false\" SemiHidden=\"true\" UnhideWhenUsed=\"true\"\r\n   Name=\"Table Columns 2\"/>\r\n  <w:LsdException Locked=\"false\" SemiHidden=\"true\" UnhideWhenUsed=\"true\"\r\n   Name=\"Table Columns 3\"/>\r\n  <w:LsdException Locked=\"false\" SemiHidden=\"true\" UnhideWhenUsed=\"true\"\r\n   Name=\"Table Columns 4\"/>\r\n  <w:LsdException Locked=\"false\" SemiHidden=\"true\" UnhideWhenUsed=\"true\"\r\n   Name=\"Table Columns 5\"/>\r\n  <w:LsdException Locked=\"false\" SemiHidden=\"true\" UnhideWhenUsed=\"true\"\r\n   Name=\"Table Grid 1\"/>\r\n  <w:LsdException Locked=\"false\" SemiHidden=\"true\" UnhideWhenUsed=\"true\"\r\n   Name=\"Table Grid 2\"/>\r\n  <w:LsdException Locked=\"false\" SemiHidden=\"true\" UnhideWhenUsed=\"true\"\r\n   Name=\"Table Grid 3\"/>\r\n  <w:LsdException Locked=\"false\" SemiHidden=\"true\" UnhideWhenUsed=\"true\"\r\n   Name=\"Table Grid 4\"/>\r\n  <w:LsdException Locked=\"false\" SemiHidden=\"true\" UnhideWhenUsed=\"true\"\r\n   Name=\"Table Grid 5\"/>\r\n  <w:LsdException Locked=\"false\" SemiHidden=\"true\" UnhideWhenUsed=\"true\"\r\n   Name=\"Table Grid 6\"/>\r\n  <w:LsdException Locked=\"false\" SemiHidden=\"true\" UnhideWhenUsed=\"true\"\r\n   Name=\"Table Grid 7\"/>\r\n  <w:LsdException Locked=\"false\" SemiHidden=\"true\" UnhideWhenUsed=\"true\"\r\n   Name=\"Table Grid 8\"/>\r\n  <w:LsdException Locked=\"false\" SemiHidden=\"true\" UnhideWhenUsed=\"true\"\r\n   Name=\"Table List 1\"/>\r\n  <w:LsdException Locked=\"false\" SemiHidden=\"true\" UnhideWhenUsed=\"true\"\r\n   Name=\"Table List 2\"/>\r\n  <w:LsdException Locked=\"false\" SemiHidden=\"true\" UnhideWhenUsed=\"true\"\r\n   Name=\"Table List 3\"/>\r\n  <w:LsdException Locked=\"false\" SemiHidden=\"true\" UnhideWhenUsed=\"true\"\r\n   Name=\"Table List 4\"/>\r\n  <w:LsdException Locked=\"false\" SemiHidden=\"true\" UnhideWhenUsed=\"true\"\r\n   Name=\"Table List 5\"/>\r\n  <w:LsdException Locked=\"false\" SemiHidden=\"true\" UnhideWhenUsed=\"true\"\r\n   Name=\"Table List 6\"/>\r\n  <w:LsdException Locked=\"false\" SemiHidden=\"true\" UnhideWhenUsed=\"true\"\r\n   Name=\"Table List 7\"/>\r\n  <w:LsdException Locked=\"false\" SemiHidden=\"true\" UnhideWhenUsed=\"true\"\r\n   Name=\"Table List 8\"/>\r\n  <w:LsdException Locked=\"false\" SemiHidden=\"true\" UnhideWhenUsed=\"true\"\r\n   Name=\"Table 3D effects 1\"/>\r\n  <w:LsdException Locked=\"false\" SemiHidden=\"true\" UnhideWhenUsed=\"true\"\r\n   Name=\"Table 3D effects 2\"/>\r\n  <w:LsdException Locked=\"false\" SemiHidden=\"true\" UnhideWhenUsed=\"true\"\r\n   Name=\"Table 3D effects 3\"/>\r\n  <w:LsdException Locked=\"false\" SemiHidden=\"true\" UnhideWhenUsed=\"true\"\r\n   Name=\"Table Contemporary\"/>\r\n  <w:LsdException Locked=\"false\" SemiHidden=\"true\" UnhideWhenUsed=\"true\"\r\n   Name=\"Table Elegant\"/>\r\n  <w:LsdException Locked=\"false\" SemiHidden=\"true\" UnhideWhenUsed=\"true\"\r\n   Name=\"Table Professional\"/>\r\n  <w:LsdException Locked=\"false\" SemiHidden=\"true\" UnhideWhenUsed=\"true\"\r\n   Name=\"Table Subtle 1\"/>\r\n  <w:LsdException Locked=\"false\" SemiHidden=\"true\" UnhideWhenUsed=\"true\"\r\n   Name=\"Table Subtle 2\"/>\r\n  <w:LsdException Locked=\"false\" SemiHidden=\"true\" UnhideWhenUsed=\"true\"\r\n   Name=\"Table Web 1\"/>\r\n  <w:LsdException Locked=\"false\" SemiHidden=\"true\" UnhideWhenUsed=\"true\"\r\n   Name=\"Table Web 2\"/>\r\n  <w:LsdException Locked=\"false\" SemiHidden=\"true\" UnhideWhenUsed=\"true\"\r\n   Name=\"Table Web 3\"/>\r\n  <w:LsdException Locked=\"false\" SemiHidden=\"true\" UnhideWhenUsed=\"true\"\r\n   Name=\"Balloon Text\"/>\r\n  <w:LsdException Locked=\"false\" Priority=\"39\" Name=\"Table Grid\"/>\r\n  <w:LsdException Locked=\"false\" SemiHidden=\"true\" UnhideWhenUsed=\"true\"\r\n   Name=\"Table Theme\"/>\r\n  <w:LsdException Locked=\"false\" SemiHidden=\"true\" Name=\"Placeholder Text\"/>\r\n  <w:LsdException Locked=\"false\" Priority=\"1\" QFormat=\"true\" Name=\"No Spacing\"/>\r\n  <w:LsdException Locked=\"false\" Priority=\"60\" Name=\"Light Shading\"/>\r\n  <w:LsdException Locked=\"false\" Priority=\"61\" Name=\"Light List\"/>\r\n  <w:LsdException Locked=\"false\" Priority=\"62\" Name=\"Light Grid\"/>\r\n  <w:LsdException Locked=\"false\" Priority=\"63\" Name=\"Medium Shading 1\"/>\r\n  <w:LsdException Locked=\"false\" Priority=\"64\" Name=\"Medium Shading 2\"/>\r\n  <w:LsdException Locked=\"false\" Priority=\"65\" Name=\"Medium List 1\"/>\r\n  <w:LsdException Locked=\"false\" Priority=\"66\" Name=\"Medium List 2\"/>\r\n  <w:LsdException Locked=\"false\" Priority=\"67\" Name=\"Medium Grid 1\"/>\r\n  <w:LsdException Locked=\"false\" Priority=\"68\" Name=\"Medium Grid 2\"/>\r\n  <w:LsdException Locked=\"false\" Priority=\"69\" Name=\"Medium Grid 3\"/>\r\n  <w:LsdException Locked=\"false\" Priority=\"70\" Name=\"Dark List\"/>\r\n  <w:LsdException Locked=\"false\" Priority=\"71\" Name=\"Colorful Shading\"/>\r\n  <w:LsdException Locked=\"false\" Priority=\"72\" Name=\"Colorful List\"/>\r\n  <w:LsdException Locked=\"false\" Priority=\"73\" Name=\"Colorful Grid\"/>\r\n  <w:LsdException Locked=\"false\" Priority=\"60\" Name=\"Light Shading Accent 1\"/>\r\n  <w:LsdException Locked=\"false\" Priority=\"61\" Name=\"Light List Accent 1\"/>\r\n  <w:LsdException Locked=\"false\" Priority=\"62\" Name=\"Light Grid Accent 1\"/>\r\n  <w:LsdException Locked=\"false\" Priority=\"63\" Name=\"Medium Shading 1 Accent 1\"/>\r\n  <w:LsdException Locked=\"false\" Priority=\"64\" Name=\"Medium Shading 2 Accent 1\"/>\r\n  <w:LsdException Locked=\"false\" Priority=\"65\" Name=\"Medium List 1 Accent 1\"/>\r\n  <w:LsdException Locked=\"false\" SemiHidden=\"true\" Name=\"Revision\"/>\r\n  <w:LsdException Locked=\"false\" Priority=\"34\" QFormat=\"true\"\r\n   Name=\"List Paragraph\"/>\r\n  <w:LsdException Locked=\"false\" Priority=\"29\" QFormat=\"true\" Name=\"Quote\"/>\r\n  <w:LsdException Locked=\"false\" Priority=\"30\" QFormat=\"true\"\r\n   Name=\"Intense Quote\"/>\r\n  <w:LsdException Locked=\"false\" Priority=\"66\" Name=\"Medium List 2 Accent 1\"/>\r\n  <w:LsdException Locked=\"false\" Priority=\"67\" Name=\"Medium Grid 1 Accent 1\"/>\r\n  <w:LsdException Locked=\"false\" Priority=\"68\" Name=\"Medium Grid 2 Accent 1\"/>\r\n  <w:LsdException Locked=\"false\" Priority=\"69\" Name=\"Medium Grid 3 Accent 1\"/>\r\n  <w:LsdException Locked=\"false\" Priority=\"70\" Name=\"Dark List Accent 1\"/>\r\n  <w:LsdException Locked=\"false\" Priority=\"71\" Name=\"Colorful Shading Accent 1\"/>\r\n  <w:LsdException Locked=\"false\" Priority=\"72\" Name=\"Colorful List Accent 1\"/>\r\n  <w:LsdException Locked=\"false\" Priority=\"73\" Name=\"Colorful Grid Accent 1\"/>\r\n  <w:LsdException Locked=\"false\" Priority=\"60\" Name=\"Light Shading Accent 2\"/>\r\n  <w:LsdException Locked=\"false\" Priority=\"61\" Name=\"Light List Accent 2\"/>\r\n  <w:LsdException Locked=\"false\" Priority=\"62\" Name=\"Light Grid Accent 2\"/>\r\n  <w:LsdException Locked=\"false\" Priority=\"63\" Name=\"Medium Shading 1 Accent 2\"/>\r\n  <w:LsdException Locked=\"false\" Priority=\"64\" Name=\"Medium Shading 2 Accent 2\"/>\r\n  <w:LsdException Locked=\"false\" Priority=\"65\" Name=\"Medium List 1 Accent 2\"/>\r\n  <w:LsdException Locked=\"false\" Priority=\"66\" Name=\"Medium List 2 Accent 2\"/>\r\n  <w:LsdException Locked=\"false\" Priority=\"67\" Name=\"Medium Grid 1 Accent 2\"/>\r\n  <w:LsdException Locked=\"false\" Priority=\"68\" Name=\"Medium Grid 2 Accent 2\"/>\r\n  <w:LsdException Locked=\"false\" Priority=\"69\" Name=\"Medium Grid 3 Accent 2\"/>\r\n  <w:LsdException Locked=\"false\" Priority=\"70\" Name=\"Dark List Accent 2\"/>\r\n  <w:LsdException Locked=\"false\" Priority=\"71\" Name=\"Colorful Shading Accent 2\"/>\r\n  <w:LsdException Locked=\"false\" Priority=\"72\" Name=\"Colorful List Accent 2\"/>\r\n  <w:LsdException Locked=\"false\" Priority=\"73\" Name=\"Colorful Grid Accent 2\"/>\r\n  <w:LsdException Locked=\"false\" Priority=\"60\" Name=\"Light Shading Accent 3\"/>\r\n  <w:LsdException Locked=\"false\" Priority=\"61\" Name=\"Light List Accent 3\"/>\r\n  <w:LsdException Locked=\"false\" Priority=\"62\" Name=\"Light Grid Accent 3\"/>\r\n  <w:LsdException Locked=\"false\" Priority=\"63\" Name=\"Medium Shading 1 Accent 3\"/>\r\n  <w:LsdException Locked=\"false\" Priority=\"64\" Name=\"Medium Shading 2 Accent 3\"/>\r\n  <w:LsdException Locked=\"false\" Priority=\"65\" Name=\"Medium List 1 Accent 3\"/>\r\n  <w:LsdException Locked=\"false\" Priority=\"66\" Name=\"Medium List 2 Accent 3\"/>\r\n  <w:LsdException Locked=\"false\" Priority=\"67\" Name=\"Medium Grid 1 Accent 3\"/>\r\n  <w:LsdException Locked=\"false\" Priority=\"68\" Name=\"Medium Grid 2 Accent 3\"/>\r\n  <w:LsdException Locked=\"false\" Priority=\"69\" Name=\"Medium Grid 3 Accent 3\"/>\r\n  <w:LsdException Locked=\"false\" Priority=\"70\" Name=\"Dark List Accent 3\"/>\r\n  <w:LsdException Locked=\"false\" Priority=\"71\" Name=\"Colorful Shading Accent 3\"/>\r\n  <w:LsdException Locked=\"false\" Priority=\"72\" Name=\"Colorful List Accent 3\"/>\r\n  <w:LsdException Locked=\"false\" Priority=\"73\" Name=\"Colorful Grid Accent 3\"/>\r\n  <w:LsdException Locked=\"false\" Priority=\"60\" Name=\"Light Shading Accent 4\"/>\r\n  <w:LsdException Locked=\"false\" Priority=\"61\" Name=\"Light List Accent 4\"/>\r\n  <w:LsdException Locked=\"false\" Priority=\"62\" Name=\"Light Grid Accent 4\"/>\r\n  <w:LsdException Locked=\"false\" Priority=\"63\" Name=\"Medium Shading 1 Accent 4\"/>\r\n  <w:LsdException Locked=\"false\" Priority=\"64\" Name=\"Medium Shading 2 Accent 4\"/>\r\n  <w:LsdException Locked=\"false\" Priority=\"65\" Name=\"Medium List 1 Accent 4\"/>\r\n  <w:LsdException Locked=\"false\" Priority=\"66\" Name=\"Medium List 2 Accent 4\"/>\r\n  <w:LsdException Locked=\"false\" Priority=\"67\" Name=\"Medium Grid 1 Accent 4\"/>\r\n  <w:LsdException Locked=\"false\" Priority=\"68\" Name=\"Medium Grid 2 Accent 4\"/>\r\n  <w:LsdException Locked=\"false\" Priority=\"69\" Name=\"Medium Grid 3 Accent 4\"/>\r\n  <w:LsdException Locked=\"false\" Priority=\"70\" Name=\"Dark List Accent 4\"/>\r\n  <w:LsdException Locked=\"false\" Priority=\"71\" Name=\"Colorful Shading Accent 4\"/>\r\n  <w:LsdException Locked=\"false\" Priority=\"72\" Name=\"Colorful List Accent 4\"/>\r\n  <w:LsdException Locked=\"false\" Priority=\"73\" Name=\"Colorful Grid Accent 4\"/>\r\n  <w:LsdException Locked=\"false\" Priority=\"60\" Name=\"Light Shading Accent 5\"/>\r\n  <w:LsdException Locked=\"false\" Priority=\"61\" Name=\"Light List Accent 5\"/>\r\n  <w:LsdException Locked=\"false\" Priority=\"62\" Name=\"Light Grid Accent 5\"/>\r\n  <w:LsdException Locked=\"false\" Priority=\"63\" Name=\"Medium Shading 1 Accent 5\"/>\r\n  <w:LsdException Locked=\"false\" Priority=\"64\" Name=\"Medium Shading 2 Accent 5\"/>\r\n  <w:LsdException Locked=\"false\" Priority=\"65\" Name=\"Medium List 1 Accent 5\"/>\r\n  <w:LsdException Locked=\"false\" Priority=\"66\" Name=\"Medium List 2 Accent 5\"/>\r\n  <w:LsdException Locked=\"false\" Priority=\"67\" Name=\"Medium Grid 1 Accent 5\"/>\r\n  <w:LsdException Locked=\"false\" Priority=\"68\" Name=\"Medium Grid 2 Accent 5\"/>\r\n  <w:LsdException Locked=\"false\" Priority=\"69\" Name=\"Medium Grid 3 Accent 5\"/>\r\n  <w:LsdException Locked=\"false\" Priority=\"70\" Name=\"Dark List Accent 5\"/>\r\n  <w:LsdException Locked=\"false\" Priority=\"71\" Name=\"Colorful Shading Accent 5\"/>\r\n  <w:LsdException Locked=\"false\" Priority=\"72\" Name=\"Colorful List Accent 5\"/>\r\n  <w:LsdException Locked=\"false\" Priority=\"73\" Name=\"Colorful Grid Accent 5\"/>\r\n  <w:LsdException Locked=\"false\" Priority=\"60\" Name=\"Light Shading Accent 6\"/>\r\n  <w:LsdException Locked=\"false\" Priority=\"61\" Name=\"Light List Accent 6\"/>\r\n  <w:LsdException Locked=\"false\" Priority=\"62\" Name=\"Light Grid Accent 6\"/>\r\n  <w:LsdException Locked=\"false\" Priority=\"63\" Name=\"Medium Shading 1 Accent 6\"/>\r\n  <w:LsdException Locked=\"false\" Priority=\"64\" Name=\"Medium Shading 2 Accent 6\"/>\r\n  <w:LsdException Locked=\"false\" Priority=\"65\" Name=\"Medium List 1 Accent 6\"/>\r\n  <w:LsdException Locked=\"false\" Priority=\"66\" Name=\"Medium List 2 Accent 6\"/>\r\n  <w:LsdException Locked=\"false\" Priority=\"67\" Name=\"Medium Grid 1 Accent 6\"/>\r\n  <w:LsdException Locked=\"false\" Priority=\"68\" Name=\"Medium Grid 2 Accent 6\"/>\r\n  <w:LsdException Locked=\"false\" Priority=\"69\" Name=\"Medium Grid 3 Accent 6\"/>\r\n  <w:LsdException Locked=\"false\" Priority=\"70\" Name=\"Dark List Accent 6\"/>\r\n  <w:LsdException Locked=\"false\" Priority=\"71\" Name=\"Colorful Shading Accent 6\"/>\r\n  <w:LsdException Locked=\"false\" Priority=\"72\" Name=\"Colorful List Accent 6\"/>\r\n  <w:LsdException Locked=\"false\" Priority=\"73\" Name=\"Colorful Grid Accent 6\"/>\r\n  <w:LsdException Locked=\"false\" Priority=\"19\" QFormat=\"true\"\r\n   Name=\"Subtle Emphasis\"/>\r\n  <w:LsdException Locked=\"false\" Priority=\"21\" QFormat=\"true\"\r\n   Name=\"Intense Emphasis\"/>\r\n  <w:LsdException Locked=\"false\" Priority=\"31\" QFormat=\"true\"\r\n   Name=\"Subtle Reference\"/>\r\n  <w:LsdException Locked=\"false\" Priority=\"32\" QFormat=\"true\"\r\n   Name=\"Intense Reference\"/>\r\n  <w:LsdException Locked=\"false\" Priority=\"33\" QFormat=\"true\" Name=\"Book Title\"/>\r\n  <w:LsdException Locked=\"false\" Priority=\"37\" SemiHidden=\"true\"\r\n   UnhideWhenUsed=\"true\" Name=\"Bibliography\"/>\r\n  <w:LsdException Locked=\"false\" Priority=\"39\" SemiHidden=\"true\"\r\n   UnhideWhenUsed=\"true\" QFormat=\"true\" Name=\"TOC Heading\"/>\r\n  <w:LsdException Locked=\"false\" Priority=\"41\" Name=\"Plain Table 1\"/>\r\n  <w:LsdException Locked=\"false\" Priority=\"42\" Name=\"Plain Table 2\"/>\r\n  <w:LsdException Locked=\"false\" Priority=\"43\" Name=\"Plain Table 3\"/>\r\n  <w:LsdException Locked=\"false\" Priority=\"44\" Name=\"Plain Table 4\"/>\r\n  <w:LsdException Locked=\"false\" Priority=\"45\" Name=\"Plain Table 5\"/>\r\n  <w:LsdException Locked=\"false\" Priority=\"40\" Name=\"Grid Table Light\"/>\r\n  <w:LsdException Locked=\"false\" Priority=\"46\" Name=\"Grid Table 1 Light\"/>\r\n  <w:LsdException Locked=\"false\" Priority=\"47\" Name=\"Grid Table 2\"/>\r\n  <w:LsdException Locked=\"false\" Priority=\"48\" Name=\"Grid Table 3\"/>\r\n  <w:LsdException Locked=\"false\" Priority=\"49\" Name=\"Grid Table 4\"/>\r\n  <w:LsdException Locked=\"false\" Priority=\"50\" Name=\"Grid Table 5 Dark\"/>\r\n  <w:LsdException Locked=\"false\" Priority=\"51\" Name=\"Grid Table 6 Colorful\"/>\r\n  <w:LsdException Locked=\"false\" Priority=\"52\" Name=\"Grid Table 7 Colorful\"/>\r\n  <w:LsdException Locked=\"false\" Priority=\"46\"\r\n   Name=\"Grid Table 1 Light Accent 1\"/>\r\n  <w:LsdException Locked=\"false\" Priority=\"47\" Name=\"Grid Table 2 Accent 1\"/>\r\n  <w:LsdException Locked=\"false\" Priority=\"48\" Name=\"Grid Table 3 Accent 1\"/>\r\n  <w:LsdException Locked=\"false\" Priority=\"49\" Name=\"Grid Table 4 Accent 1\"/>\r\n  <w:LsdException Locked=\"false\" Priority=\"50\" Name=\"Grid Table 5 Dark Accent 1\"/>\r\n  <w:LsdException Locked=\"false\" Priority=\"51\"\r\n   Name=\"Grid Table 6 Colorful Accent 1\"/>\r\n  <w:LsdException Locked=\"false\" Priority=\"52\"\r\n   Name=\"Grid Table 7 Colorful Accent 1\"/>\r\n  <w:LsdException Locked=\"false\" Priority=\"46\"\r\n   Name=\"Grid Table 1 Light Accent 2\"/>\r\n  <w:LsdException Locked=\"false\" Priority=\"47\" Name=\"Grid Table 2 Accent 2\"/>\r\n  <w:LsdException Locked=\"false\" Priority=\"48\" Name=\"Grid Table 3 Accent 2\"/>\r\n  <w:LsdException Locked=\"false\" Priority=\"49\" Name=\"Grid Table 4 Accent 2\"/>\r\n  <w:LsdException Locked=\"false\" Priority=\"50\" Name=\"Grid Table 5 Dark Accent 2\"/>\r\n  <w:LsdException Locked=\"false\" Priority=\"51\"\r\n   Name=\"Grid Table 6 Colorful Accent 2\"/>\r\n  <w:LsdException Locked=\"false\" Priority=\"52\"\r\n   Name=\"Grid Table 7 Colorful Accent 2\"/>\r\n  <w:LsdException Locked=\"false\" Priority=\"46\"\r\n   Name=\"Grid Table 1 Light Accent 3\"/>\r\n  <w:LsdException Locked=\"false\" Priority=\"47\" Name=\"Grid Table 2 Accent 3\"/>\r\n  <w:LsdException Locked=\"false\" Priority=\"48\" Name=\"Grid Table 3 Accent 3\"/>\r\n  <w:LsdException Locked=\"false\" Priority=\"49\" Name=\"Grid Table 4 Accent 3\"/>\r\n  <w:LsdException Locked=\"false\" Priority=\"50\" Name=\"Grid Table 5 Dark Accent 3\"/>\r\n  <w:LsdException Locked=\"false\" Priority=\"51\"\r\n   Name=\"Grid Table 6 Colorful Accent 3\"/>\r\n  <w:LsdException Locked=\"false\" Priority=\"52\"\r\n   Name=\"Grid Table 7 Colorful Accent 3\"/>\r\n  <w:LsdException Locked=\"false\" Priority=\"46\"\r\n   Name=\"Grid Table 1 Light Accent 4\"/>\r\n  <w:LsdException Locked=\"false\" Priority=\"47\" Name=\"Grid Table 2 Accent 4\"/>\r\n  <w:LsdException Locked=\"false\" Priority=\"48\" Name=\"Grid Table 3 Accent 4\"/>\r\n  <w:LsdException Locked=\"false\" Priority=\"49\" Name=\"Grid Table 4 Accent 4\"/>\r\n  <w:LsdException Locked=\"false\" Priority=\"50\" Name=\"Grid Table 5 Dark Accent 4\"/>\r\n  <w:LsdException Locked=\"false\" Priority=\"51\"\r\n   Name=\"Grid Table 6 Colorful Accent 4\"/>\r\n  <w:LsdException Locked=\"false\" Priority=\"52\"\r\n   Name=\"Grid Table 7 Colorful Accent 4\"/>\r\n  <w:LsdException Locked=\"false\" Priority=\"46\"\r\n   Name=\"Grid Table 1 Light Accent 5\"/>\r\n  <w:LsdException Locked=\"false\" Priority=\"47\" Name=\"Grid Table 2 Accent 5\"/>\r\n  <w:LsdException Locked=\"false\" Priority=\"48\" Name=\"Grid Table 3 Accent 5\"/>\r\n  <w:LsdException Locked=\"false\" Priority=\"49\" Name=\"Grid Table 4 Accent 5\"/>\r\n  <w:LsdException Locked=\"false\" Priority=\"50\" Name=\"Grid Table 5 Dark Accent 5\"/>\r\n  <w:LsdException Locked=\"false\" Priority=\"51\"\r\n   Name=\"Grid Table 6 Colorful Accent 5\"/>\r\n  <w:LsdException Locked=\"false\" Priority=\"52\"\r\n   Name=\"Grid Table 7 Colorful Accent 5\"/>\r\n  <w:LsdException Locked=\"false\" Priority=\"46\"\r\n   Name=\"Grid Table 1 Light Accent 6\"/>\r\n  <w:LsdException Locked=\"false\" Priority=\"47\" Name=\"Grid Table 2 Accent 6\"/>\r\n  <w:LsdException Locked=\"false\" Priority=\"48\" Name=\"Grid Table 3 Accent 6\"/>\r\n  <w:LsdException Locked=\"false\" Priority=\"49\" Name=\"Grid Table 4 Accent 6\"/>\r\n  <w:LsdException Locked=\"false\" Priority=\"50\" Name=\"Grid Table 5 Dark Accent 6\"/>\r\n  <w:LsdException Locked=\"false\" Priority=\"51\"\r\n   Name=\"Grid Table 6 Colorful Accent 6\"/>\r\n  <w:LsdException Locked=\"false\" Priority=\"52\"\r\n   Name=\"Grid Table 7 Colorful Accent 6\"/>\r\n  <w:LsdException Locked=\"false\" Priority=\"46\" Name=\"List Table 1 Light\"/>\r\n  <w:LsdException Locked=\"false\" Priority=\"47\" Name=\"List Table 2\"/>\r\n  <w:LsdException Locked=\"false\" Priority=\"48\" Name=\"List Table 3\"/>\r\n  <w:LsdException Locked=\"false\" Priority=\"49\" Name=\"List Table 4\"/>\r\n  <w:LsdException Locked=\"false\" Priority=\"50\" Name=\"List Table 5 Dark\"/>\r\n  <w:LsdException Locked=\"false\" Priority=\"51\" Name=\"List Table 6 Colorful\"/>\r\n  <w:LsdException Locked=\"false\" Priority=\"52\" Name=\"List Table 7 Colorful\"/>\r\n  <w:LsdException Locked=\"false\" Priority=\"46\"\r\n   Name=\"List Table 1 Light Accent 1\"/>\r\n  <w:LsdException Locked=\"false\" Priority=\"47\" Name=\"List Table 2 Accent 1\"/>\r\n  <w:LsdException Locked=\"false\" Priority=\"48\" Name=\"List Table 3 Accent 1\"/>\r\n  <w:LsdException Locked=\"false\" Priority=\"49\" Name=\"List Table 4 Accent 1\"/>\r\n  <w:LsdException Locked=\"false\" Priority=\"50\" Name=\"List Table 5 Dark Accent 1\"/>\r\n  <w:LsdException Locked=\"false\" Priority=\"51\"\r\n   Name=\"List Table 6 Colorful Accent 1\"/>\r\n  <w:LsdException Locked=\"false\" Priority=\"52\"\r\n   Name=\"List Table 7 Colorful Accent 1\"/>\r\n  <w:LsdException Locked=\"false\" Priority=\"46\"\r\n   Name=\"List Table 1 Light Accent 2\"/>\r\n  <w:LsdException Locked=\"false\" Priority=\"47\" Name=\"List Table 2 Accent 2\"/>\r\n  <w:LsdException Locked=\"false\" Priority=\"48\" Name=\"List Table 3 Accent 2\"/>\r\n  <w:LsdException Locked=\"false\" Priority=\"49\" Name=\"List Table 4 Accent 2\"/>\r\n  <w:LsdException Locked=\"false\" Priority=\"50\" Name=\"List Table 5 Dark Accent 2\"/>\r\n  <w:LsdException Locked=\"false\" Priority=\"51\"\r\n   Name=\"List Table 6 Colorful Accent 2\"/>\r\n  <w:LsdException Locked=\"false\" Priority=\"52\"\r\n   Name=\"List Table 7 Colorful Accent 2\"/>\r\n  <w:LsdException Locked=\"false\" Priority=\"46\"\r\n   Name=\"List Table 1 Light Accent 3\"/>\r\n  <w:LsdException Locked=\"false\" Priority=\"47\" Name=\"List Table 2 Accent 3\"/>\r\n  <w:LsdException Locked=\"false\" Priority=\"48\" Name=\"List Table 3 Accent 3\"/>\r\n  <w:LsdException Locked=\"false\" Priority=\"49\" Name=\"List Table 4 Accent 3\"/>\r\n  <w:LsdException Locked=\"false\" Priority=\"50\" Name=\"List Table 5 Dark Accent 3\"/>\r\n  <w:LsdException Locked=\"false\" Priority=\"51\"\r\n   Name=\"List Table 6 Colorful Accent 3\"/>\r\n  <w:LsdException Locked=\"false\" Priority=\"52\"\r\n   Name=\"List Table 7 Colorful Accent 3\"/>\r\n  <w:LsdException Locked=\"false\" Priority=\"46\"\r\n   Name=\"List Table 1 Light Accent 4\"/>\r\n  <w:LsdException Locked=\"false\" Priority=\"47\" Name=\"List Table 2 Accent 4\"/>\r\n  <w:LsdException Locked=\"false\" Priority=\"48\" Name=\"List Table 3 Accent 4\"/>\r\n  <w:LsdException Locked=\"false\" Priority=\"49\" Name=\"List Table 4 Accent 4\"/>\r\n  <w:LsdException Locked=\"false\" Priority=\"50\" Name=\"List Table 5 Dark Accent 4\"/>\r\n  <w:LsdException Locked=\"false\" Priority=\"51\"\r\n   Name=\"List Table 6 Colorful Accent 4\"/>\r\n  <w:LsdException Locked=\"false\" Priority=\"52\"\r\n   Name=\"List Table 7 Colorful Accent 4\"/>\r\n  <w:LsdException Locked=\"false\" Priority=\"46\"\r\n   Name=\"List Table 1 Light Accent 5\"/>\r\n  <w:LsdException Locked=\"false\" Priority=\"47\" Name=\"List Table 2 Accent 5\"/>\r\n  <w:LsdException Locked=\"false\" Priority=\"48\" Name=\"List Table 3 Accent 5\"/>\r\n  <w:LsdException Locked=\"false\" Priority=\"49\" Name=\"List Table 4 Accent 5\"/>\r\n  <w:LsdException Locked=\"false\" Priority=\"50\" Name=\"List Table 5 Dark Accent 5\"/>\r\n  <w:LsdException Locked=\"false\" Priority=\"51\"\r\n   Name=\"List Table 6 Colorful Accent 5\"/>\r\n  <w:LsdException Locked=\"false\" Priority=\"52\"\r\n   Name=\"List Table 7 Colorful Accent 5\"/>\r\n  <w:LsdException Locked=\"false\" Priority=\"46\"\r\n   Name=\"List Table 1 Light Accent 6\"/>\r\n  <w:LsdException Locked=\"false\" Priority=\"47\" Name=\"List Table 2 Accent 6\"/>\r\n  <w:LsdException Locked=\"false\" Priority=\"48\" Name=\"List Table 3 Accent 6\"/>\r\n  <w:LsdException Locked=\"false\" Priority=\"49\" Name=\"List Table 4 Accent 6\"/>\r\n  <w:LsdException Locked=\"false\" Priority=\"50\" Name=\"List Table 5 Dark Accent 6\"/>\r\n  <w:LsdException Locked=\"false\" Priority=\"51\"\r\n   Name=\"List Table 6 Colorful Accent 6\"/>\r\n  <w:LsdException Locked=\"false\" Priority=\"52\"\r\n   Name=\"List Table 7 Colorful Accent 6\"/>\r\n </w:LatentStyles>\r\n</xml><![endif]--><!-- [if gte mso 10]>\r\n<style>\r\n /* Style Definitions */\r\n table.MsoNormalTable\r\n	{mso-style-name:\"Table Normal\";\r\n	mso-tstyle-rowband-size:0;\r\n	mso-tstyle-colband-size:0;\r\n	mso-style-noshow:yes;\r\n	mso-style-priority:99;\r\n	mso-style-parent:\"\";\r\n	mso-padding-alt:0in 5.4pt 0in 5.4pt;\r\n	mso-para-margin-top:0in;\r\n	mso-para-margin-right:0in;\r\n	mso-para-margin-bottom:10.0pt;\r\n	mso-para-margin-left:0in;\r\n	line-height:115%;\r\n	mso-pagination:widow-orphan;\r\n	font-size:11.0pt;\r\n	font-family:\"Calibri\",\"sans-serif\";\r\n	mso-ascii-font-family:Calibri;\r\n	mso-ascii-theme-font:minor-latin;\r\n	mso-hansi-font-family:Calibri;\r\n	mso-hansi-theme-font:minor-latin;\r\n	mso-bidi-font-family:\"Times New Roman\";\r\n	mso-bidi-theme-font:minor-bidi;}\r\n</style>\r\n<![endif]--></p>\r\n<p><span style=\"color: #333300;\"><strong><span style=\"font-family: \'Georgia\',\'serif\';\">Dimensions</span></strong></span></p>\r\n<p><span style=\"font-family: \'Georgia\',\'serif\';\"><strong>Trundle</strong>: &nbsp;</span>91x21x6</p>\r\n<p><span style=\"font-family: \'Georgia\',\'serif\';\"><strong>Headboard</strong>/<strong>Footboard</strong>: </span>&nbsp;80x43x36</p>\r\n<p><span style=\"font-family: \'Georgia\',\'serif\';\"><strong>Drawer</strong> <strong>Boxes</strong></span>: 76x42x20</p>', 'Bed', 'Brown', 5, '2018-11-29 04:40:43', '2018-11-29 04:40:43', 'products\\November2018\\Xuq7eeL5oO5f5FBlusZt.jpg', 'products\\November2018\\x6oW4Le0eetcw8u88vqg.JPG', NULL, NULL, NULL, 0, 5, NULL, '2019-01-03 00:00:00'),
(7, 'All star bed', 'all-star-bed', 'The All Star Twin/Twin bunk bed is metal, available in Silver, Black White or Red.', '99', '88', '<p>&nbsp;</p>\r\n<p>The <strong>All Star</strong> Twin/Twin bunk bed is metal, available in Silver, Black White or Red.</p>\r\n<ul>\r\n<li style=\"text-align: left;\">It has 2 inch posts and 15 slats for each bed.</li>\r\n</ul>\r\n<p class=\"MsoNormal\">&nbsp;</p>\r\n<p>&nbsp;</p>\r\n<p class=\"MsoNormal\">&nbsp;</p>\r\n<ol>\r\n<li>The All Star Twin/Twin bunk bed is metal, available in Silver, Black White or Red.</li>\r\n</ol>\r\n<ol>\r\n<li>It has 2 inch posts and 15 slats for each bed.</li>\r\n</ol>\r\n<p class=\"MsoNormal\">&nbsp;</p>\r\n<p>&nbsp;</p>\r\n<p>&nbsp;</p>', 'Bed', 'Brown', 5, '2018-11-29 04:42:41', '2018-11-29 04:42:41', 'products\\November2018\\BJR99PSwc7jxONs8QeoS.jpg', NULL, NULL, NULL, NULL, 100, 10, NULL, '2018-12-25 00:00:00');
INSERT INTO `products` (`id`, `name`, `slug`, `details`, `present_price`, `discount_price`, `description`, `feature_name`, `feature_color`, `category_id`, `created_at`, `updated_at`, `product_image`, `gallery_image1`, `gallery_image2`, `gallery_image3`, `gallery_image4`, `stock`, `percentige`, `badge`, `weekly`) VALUES
(8, 'Apollo Klik Klak', 'apollo-klik-klak', 'The Apollo Klik Klak\r\nBlack color\r\nWhite welt', '1290', '1180', '<p><!-- [if gte mso 9]><xml>\r\n <w:WordDocument>\r\n  <w:View>Normal</w:View>\r\n  <w:Zoom>0</w:Zoom>\r\n  <w:TrackMoves/>\r\n  <w:TrackFormatting/>\r\n  <w:PunctuationKerning/>\r\n  <w:ValidateAgainstSchemas/>\r\n  <w:SaveIfXMLInvalid>false</w:SaveIfXMLInvalid>\r\n  <w:IgnoreMixedContent>false</w:IgnoreMixedContent>\r\n  <w:AlwaysShowPlaceholderText>false</w:AlwaysShowPlaceholderText>\r\n  <w:DoNotPromoteQF/>\r\n  <w:LidThemeOther>EN-US</w:LidThemeOther>\r\n  <w:LidThemeAsian>X-NONE</w:LidThemeAsian>\r\n  <w:LidThemeComplexScript>BN</w:LidThemeComplexScript>\r\n  <w:Compatibility>\r\n   <w:BreakWrappedTables/>\r\n   <w:SnapToGridInCell/>\r\n   <w:WrapTextWithPunct/>\r\n   <w:UseAsianBreakRules/>\r\n   <w:DontGrowAutofit/>\r\n   <w:SplitPgBreakAndParaMark/>\r\n   <w:EnableOpenTypeKerning/>\r\n   <w:DontFlipMirrorIndents/>\r\n   <w:OverrideTableStyleHps/>\r\n   <w:UseFELayout/>\r\n  </w:Compatibility>\r\n  <m:mathPr>\r\n   <m:mathFont m:val=\"Cambria Math\"/>\r\n   <m:brkBin m:val=\"before\"/>\r\n   <m:brkBinSub m:val=\"&#45;-\"/>\r\n   <m:smallFrac m:val=\"off\"/>\r\n   <m:dispDef/>\r\n   <m:lMargin m:val=\"0\"/>\r\n   <m:rMargin m:val=\"0\"/>\r\n   <m:defJc m:val=\"centerGroup\"/>\r\n   <m:wrapIndent m:val=\"1440\"/>\r\n   <m:intLim m:val=\"subSup\"/>\r\n   <m:naryLim m:val=\"undOvr\"/>\r\n  </m:mathPr></w:WordDocument>\r\n</xml><![endif]--><!-- [if gte mso 9]><xml>\r\n <w:LatentStyles DefLockedState=\"false\" DefUnhideWhenUsed=\"false\"\r\n  DefSemiHidden=\"false\" DefQFormat=\"false\" DefPriority=\"99\"\r\n  LatentStyleCount=\"371\">\r\n  <w:LsdException Locked=\"false\" Priority=\"0\" QFormat=\"true\" Name=\"Normal\"/>\r\n  <w:LsdException Locked=\"false\" Priority=\"9\" QFormat=\"true\" Name=\"heading 1\"/>\r\n  <w:LsdException Locked=\"false\" Priority=\"9\" SemiHidden=\"true\"\r\n   UnhideWhenUsed=\"true\" QFormat=\"true\" Name=\"heading 2\"/>\r\n  <w:LsdException Locked=\"false\" Priority=\"9\" SemiHidden=\"true\"\r\n   UnhideWhenUsed=\"true\" QFormat=\"true\" Name=\"heading 3\"/>\r\n  <w:LsdException Locked=\"false\" Priority=\"9\" SemiHidden=\"true\"\r\n   UnhideWhenUsed=\"true\" QFormat=\"true\" Name=\"heading 4\"/>\r\n  <w:LsdException Locked=\"false\" Priority=\"9\" SemiHidden=\"true\"\r\n   UnhideWhenUsed=\"true\" QFormat=\"true\" Name=\"heading 5\"/>\r\n  <w:LsdException Locked=\"false\" Priority=\"9\" SemiHidden=\"true\"\r\n   UnhideWhenUsed=\"true\" QFormat=\"true\" Name=\"heading 6\"/>\r\n  <w:LsdException Locked=\"false\" Priority=\"9\" SemiHidden=\"true\"\r\n   UnhideWhenUsed=\"true\" QFormat=\"true\" Name=\"heading 7\"/>\r\n  <w:LsdException Locked=\"false\" Priority=\"9\" SemiHidden=\"true\"\r\n   UnhideWhenUsed=\"true\" QFormat=\"true\" Name=\"heading 8\"/>\r\n  <w:LsdException Locked=\"false\" Priority=\"9\" SemiHidden=\"true\"\r\n   UnhideWhenUsed=\"true\" QFormat=\"true\" Name=\"heading 9\"/>\r\n  <w:LsdException Locked=\"false\" SemiHidden=\"true\" UnhideWhenUsed=\"true\"\r\n   Name=\"index 1\"/>\r\n  <w:LsdException Locked=\"false\" SemiHidden=\"true\" UnhideWhenUsed=\"true\"\r\n   Name=\"index 2\"/>\r\n  <w:LsdException Locked=\"false\" SemiHidden=\"true\" UnhideWhenUsed=\"true\"\r\n   Name=\"index 3\"/>\r\n  <w:LsdException Locked=\"false\" SemiHidden=\"true\" UnhideWhenUsed=\"true\"\r\n   Name=\"index 4\"/>\r\n  <w:LsdException Locked=\"false\" SemiHidden=\"true\" UnhideWhenUsed=\"true\"\r\n   Name=\"index 5\"/>\r\n  <w:LsdException Locked=\"false\" SemiHidden=\"true\" UnhideWhenUsed=\"true\"\r\n   Name=\"index 6\"/>\r\n  <w:LsdException Locked=\"false\" SemiHidden=\"true\" UnhideWhenUsed=\"true\"\r\n   Name=\"index 7\"/>\r\n  <w:LsdException Locked=\"false\" SemiHidden=\"true\" UnhideWhenUsed=\"true\"\r\n   Name=\"index 8\"/>\r\n  <w:LsdException Locked=\"false\" SemiHidden=\"true\" UnhideWhenUsed=\"true\"\r\n   Name=\"index 9\"/>\r\n  <w:LsdException Locked=\"false\" Priority=\"39\" SemiHidden=\"true\"\r\n   UnhideWhenUsed=\"true\" Name=\"toc 1\"/>\r\n  <w:LsdException Locked=\"false\" Priority=\"39\" SemiHidden=\"true\"\r\n   UnhideWhenUsed=\"true\" Name=\"toc 2\"/>\r\n  <w:LsdException Locked=\"false\" Priority=\"39\" SemiHidden=\"true\"\r\n   UnhideWhenUsed=\"true\" Name=\"toc 3\"/>\r\n  <w:LsdException Locked=\"false\" Priority=\"39\" SemiHidden=\"true\"\r\n   UnhideWhenUsed=\"true\" Name=\"toc 4\"/>\r\n  <w:LsdException Locked=\"false\" Priority=\"39\" SemiHidden=\"true\"\r\n   UnhideWhenUsed=\"true\" Name=\"toc 5\"/>\r\n  <w:LsdException Locked=\"false\" Priority=\"39\" SemiHidden=\"true\"\r\n   UnhideWhenUsed=\"true\" Name=\"toc 6\"/>\r\n  <w:LsdException Locked=\"false\" Priority=\"39\" SemiHidden=\"true\"\r\n   UnhideWhenUsed=\"true\" Name=\"toc 7\"/>\r\n  <w:LsdException Locked=\"false\" Priority=\"39\" SemiHidden=\"true\"\r\n   UnhideWhenUsed=\"true\" Name=\"toc 8\"/>\r\n  <w:LsdException Locked=\"false\" Priority=\"39\" SemiHidden=\"true\"\r\n   UnhideWhenUsed=\"true\" Name=\"toc 9\"/>\r\n  <w:LsdException Locked=\"false\" SemiHidden=\"true\" UnhideWhenUsed=\"true\"\r\n   Name=\"Normal Indent\"/>\r\n  <w:LsdException Locked=\"false\" SemiHidden=\"true\" UnhideWhenUsed=\"true\"\r\n   Name=\"footnote text\"/>\r\n  <w:LsdException Locked=\"false\" SemiHidden=\"true\" UnhideWhenUsed=\"true\"\r\n   Name=\"annotation text\"/>\r\n  <w:LsdException Locked=\"false\" SemiHidden=\"true\" UnhideWhenUsed=\"true\"\r\n   Name=\"header\"/>\r\n  <w:LsdException Locked=\"false\" SemiHidden=\"true\" UnhideWhenUsed=\"true\"\r\n   Name=\"footer\"/>\r\n  <w:LsdException Locked=\"false\" SemiHidden=\"true\" UnhideWhenUsed=\"true\"\r\n   Name=\"index heading\"/>\r\n  <w:LsdException Locked=\"false\" Priority=\"35\" SemiHidden=\"true\"\r\n   UnhideWhenUsed=\"true\" QFormat=\"true\" Name=\"caption\"/>\r\n  <w:LsdException Locked=\"false\" SemiHidden=\"true\" UnhideWhenUsed=\"true\"\r\n   Name=\"table of figures\"/>\r\n  <w:LsdException Locked=\"false\" SemiHidden=\"true\" UnhideWhenUsed=\"true\"\r\n   Name=\"envelope address\"/>\r\n  <w:LsdException Locked=\"false\" SemiHidden=\"true\" UnhideWhenUsed=\"true\"\r\n   Name=\"envelope return\"/>\r\n  <w:LsdException Locked=\"false\" SemiHidden=\"true\" UnhideWhenUsed=\"true\"\r\n   Name=\"footnote reference\"/>\r\n  <w:LsdException Locked=\"false\" SemiHidden=\"true\" UnhideWhenUsed=\"true\"\r\n   Name=\"annotation reference\"/>\r\n  <w:LsdException Locked=\"false\" SemiHidden=\"true\" UnhideWhenUsed=\"true\"\r\n   Name=\"line number\"/>\r\n  <w:LsdException Locked=\"false\" SemiHidden=\"true\" UnhideWhenUsed=\"true\"\r\n   Name=\"page number\"/>\r\n  <w:LsdException Locked=\"false\" SemiHidden=\"true\" UnhideWhenUsed=\"true\"\r\n   Name=\"endnote reference\"/>\r\n  <w:LsdException Locked=\"false\" SemiHidden=\"true\" UnhideWhenUsed=\"true\"\r\n   Name=\"endnote text\"/>\r\n  <w:LsdException Locked=\"false\" SemiHidden=\"true\" UnhideWhenUsed=\"true\"\r\n   Name=\"table of authorities\"/>\r\n  <w:LsdException Locked=\"false\" SemiHidden=\"true\" UnhideWhenUsed=\"true\"\r\n   Name=\"macro\"/>\r\n  <w:LsdException Locked=\"false\" SemiHidden=\"true\" UnhideWhenUsed=\"true\"\r\n   Name=\"toa heading\"/>\r\n  <w:LsdException Locked=\"false\" SemiHidden=\"true\" UnhideWhenUsed=\"true\"\r\n   Name=\"List\"/>\r\n  <w:LsdException Locked=\"false\" SemiHidden=\"true\" UnhideWhenUsed=\"true\"\r\n   Name=\"List Bullet\"/>\r\n  <w:LsdException Locked=\"false\" SemiHidden=\"true\" UnhideWhenUsed=\"true\"\r\n   Name=\"List Number\"/>\r\n  <w:LsdException Locked=\"false\" SemiHidden=\"true\" UnhideWhenUsed=\"true\"\r\n   Name=\"List 2\"/>\r\n  <w:LsdException Locked=\"false\" SemiHidden=\"true\" UnhideWhenUsed=\"true\"\r\n   Name=\"List 3\"/>\r\n  <w:LsdException Locked=\"false\" SemiHidden=\"true\" UnhideWhenUsed=\"true\"\r\n   Name=\"List 4\"/>\r\n  <w:LsdException Locked=\"false\" SemiHidden=\"true\" UnhideWhenUsed=\"true\"\r\n   Name=\"List 5\"/>\r\n  <w:LsdException Locked=\"false\" SemiHidden=\"true\" UnhideWhenUsed=\"true\"\r\n   Name=\"List Bullet 2\"/>\r\n  <w:LsdException Locked=\"false\" SemiHidden=\"true\" UnhideWhenUsed=\"true\"\r\n   Name=\"List Bullet 3\"/>\r\n  <w:LsdException Locked=\"false\" SemiHidden=\"true\" UnhideWhenUsed=\"true\"\r\n   Name=\"List Bullet 4\"/>\r\n  <w:LsdException Locked=\"false\" SemiHidden=\"true\" UnhideWhenUsed=\"true\"\r\n   Name=\"List Bullet 5\"/>\r\n  <w:LsdException Locked=\"false\" SemiHidden=\"true\" UnhideWhenUsed=\"true\"\r\n   Name=\"List Number 2\"/>\r\n  <w:LsdException Locked=\"false\" SemiHidden=\"true\" UnhideWhenUsed=\"true\"\r\n   Name=\"List Number 3\"/>\r\n  <w:LsdException Locked=\"false\" SemiHidden=\"true\" UnhideWhenUsed=\"true\"\r\n   Name=\"List Number 4\"/>\r\n  <w:LsdException Locked=\"false\" SemiHidden=\"true\" UnhideWhenUsed=\"true\"\r\n   Name=\"List Number 5\"/>\r\n  <w:LsdException Locked=\"false\" Priority=\"10\" QFormat=\"true\" Name=\"Title\"/>\r\n  <w:LsdException Locked=\"false\" SemiHidden=\"true\" UnhideWhenUsed=\"true\"\r\n   Name=\"Closing\"/>\r\n  <w:LsdException Locked=\"false\" SemiHidden=\"true\" UnhideWhenUsed=\"true\"\r\n   Name=\"Signature\"/>\r\n  <w:LsdException Locked=\"false\" Priority=\"1\" SemiHidden=\"true\"\r\n   UnhideWhenUsed=\"true\" Name=\"Default Paragraph Font\"/>\r\n  <w:LsdException Locked=\"false\" SemiHidden=\"true\" UnhideWhenUsed=\"true\"\r\n   Name=\"Body Text\"/>\r\n  <w:LsdException Locked=\"false\" SemiHidden=\"true\" UnhideWhenUsed=\"true\"\r\n   Name=\"Body Text Indent\"/>\r\n  <w:LsdException Locked=\"false\" SemiHidden=\"true\" UnhideWhenUsed=\"true\"\r\n   Name=\"List Continue\"/>\r\n  <w:LsdException Locked=\"false\" SemiHidden=\"true\" UnhideWhenUsed=\"true\"\r\n   Name=\"List Continue 2\"/>\r\n  <w:LsdException Locked=\"false\" SemiHidden=\"true\" UnhideWhenUsed=\"true\"\r\n   Name=\"List Continue 3\"/>\r\n  <w:LsdException Locked=\"false\" SemiHidden=\"true\" UnhideWhenUsed=\"true\"\r\n   Name=\"List Continue 4\"/>\r\n  <w:LsdException Locked=\"false\" SemiHidden=\"true\" UnhideWhenUsed=\"true\"\r\n   Name=\"List Continue 5\"/>\r\n  <w:LsdException Locked=\"false\" SemiHidden=\"true\" UnhideWhenUsed=\"true\"\r\n   Name=\"Message Header\"/>\r\n  <w:LsdException Locked=\"false\" Priority=\"11\" QFormat=\"true\" Name=\"Subtitle\"/>\r\n  <w:LsdException Locked=\"false\" SemiHidden=\"true\" UnhideWhenUsed=\"true\"\r\n   Name=\"Salutation\"/>\r\n  <w:LsdException Locked=\"false\" SemiHidden=\"true\" UnhideWhenUsed=\"true\"\r\n   Name=\"Date\"/>\r\n  <w:LsdException Locked=\"false\" SemiHidden=\"true\" UnhideWhenUsed=\"true\"\r\n   Name=\"Body Text First Indent\"/>\r\n  <w:LsdException Locked=\"false\" SemiHidden=\"true\" UnhideWhenUsed=\"true\"\r\n   Name=\"Body Text First Indent 2\"/>\r\n  <w:LsdException Locked=\"false\" SemiHidden=\"true\" UnhideWhenUsed=\"true\"\r\n   Name=\"Note Heading\"/>\r\n  <w:LsdException Locked=\"false\" SemiHidden=\"true\" UnhideWhenUsed=\"true\"\r\n   Name=\"Body Text 2\"/>\r\n  <w:LsdException Locked=\"false\" SemiHidden=\"true\" UnhideWhenUsed=\"true\"\r\n   Name=\"Body Text 3\"/>\r\n  <w:LsdException Locked=\"false\" SemiHidden=\"true\" UnhideWhenUsed=\"true\"\r\n   Name=\"Body Text Indent 2\"/>\r\n  <w:LsdException Locked=\"false\" SemiHidden=\"true\" UnhideWhenUsed=\"true\"\r\n   Name=\"Body Text Indent 3\"/>\r\n  <w:LsdException Locked=\"false\" SemiHidden=\"true\" UnhideWhenUsed=\"true\"\r\n   Name=\"Block Text\"/>\r\n  <w:LsdException Locked=\"false\" SemiHidden=\"true\" UnhideWhenUsed=\"true\"\r\n   Name=\"Hyperlink\"/>\r\n  <w:LsdException Locked=\"false\" SemiHidden=\"true\" UnhideWhenUsed=\"true\"\r\n   Name=\"FollowedHyperlink\"/>\r\n  <w:LsdException Locked=\"false\" Priority=\"22\" QFormat=\"true\" Name=\"Strong\"/>\r\n  <w:LsdException Locked=\"false\" Priority=\"20\" QFormat=\"true\" Name=\"Emphasis\"/>\r\n  <w:LsdException Locked=\"false\" SemiHidden=\"true\" UnhideWhenUsed=\"true\"\r\n   Name=\"Document Map\"/>\r\n  <w:LsdException Locked=\"false\" SemiHidden=\"true\" UnhideWhenUsed=\"true\"\r\n   Name=\"Plain Text\"/>\r\n  <w:LsdException Locked=\"false\" SemiHidden=\"true\" UnhideWhenUsed=\"true\"\r\n   Name=\"E-mail Signature\"/>\r\n  <w:LsdException Locked=\"false\" SemiHidden=\"true\" UnhideWhenUsed=\"true\"\r\n   Name=\"HTML Top of Form\"/>\r\n  <w:LsdException Locked=\"false\" SemiHidden=\"true\" UnhideWhenUsed=\"true\"\r\n   Name=\"HTML Bottom of Form\"/>\r\n  <w:LsdException Locked=\"false\" SemiHidden=\"true\" UnhideWhenUsed=\"true\"\r\n   Name=\"Normal (Web)\"/>\r\n  <w:LsdException Locked=\"false\" SemiHidden=\"true\" UnhideWhenUsed=\"true\"\r\n   Name=\"HTML Acronym\"/>\r\n  <w:LsdException Locked=\"false\" SemiHidden=\"true\" UnhideWhenUsed=\"true\"\r\n   Name=\"HTML Address\"/>\r\n  <w:LsdException Locked=\"false\" SemiHidden=\"true\" UnhideWhenUsed=\"true\"\r\n   Name=\"HTML Cite\"/>\r\n  <w:LsdException Locked=\"false\" SemiHidden=\"true\" UnhideWhenUsed=\"true\"\r\n   Name=\"HTML Code\"/>\r\n  <w:LsdException Locked=\"false\" SemiHidden=\"true\" UnhideWhenUsed=\"true\"\r\n   Name=\"HTML Definition\"/>\r\n  <w:LsdException Locked=\"false\" SemiHidden=\"true\" UnhideWhenUsed=\"true\"\r\n   Name=\"HTML Keyboard\"/>\r\n  <w:LsdException Locked=\"false\" SemiHidden=\"true\" UnhideWhenUsed=\"true\"\r\n   Name=\"HTML Preformatted\"/>\r\n  <w:LsdException Locked=\"false\" SemiHidden=\"true\" UnhideWhenUsed=\"true\"\r\n   Name=\"HTML Sample\"/>\r\n  <w:LsdException Locked=\"false\" SemiHidden=\"true\" UnhideWhenUsed=\"true\"\r\n   Name=\"HTML Typewriter\"/>\r\n  <w:LsdException Locked=\"false\" SemiHidden=\"true\" UnhideWhenUsed=\"true\"\r\n   Name=\"HTML Variable\"/>\r\n  <w:LsdException Locked=\"false\" SemiHidden=\"true\" UnhideWhenUsed=\"true\"\r\n   Name=\"Normal Table\"/>\r\n  <w:LsdException Locked=\"false\" SemiHidden=\"true\" UnhideWhenUsed=\"true\"\r\n   Name=\"annotation subject\"/>\r\n  <w:LsdException Locked=\"false\" SemiHidden=\"true\" UnhideWhenUsed=\"true\"\r\n   Name=\"No List\"/>\r\n  <w:LsdException Locked=\"false\" SemiHidden=\"true\" UnhideWhenUsed=\"true\"\r\n   Name=\"Outline List 1\"/>\r\n  <w:LsdException Locked=\"false\" SemiHidden=\"true\" UnhideWhenUsed=\"true\"\r\n   Name=\"Outline List 2\"/>\r\n  <w:LsdException Locked=\"false\" SemiHidden=\"true\" UnhideWhenUsed=\"true\"\r\n   Name=\"Outline List 3\"/>\r\n  <w:LsdException Locked=\"false\" SemiHidden=\"true\" UnhideWhenUsed=\"true\"\r\n   Name=\"Table Simple 1\"/>\r\n  <w:LsdException Locked=\"false\" SemiHidden=\"true\" UnhideWhenUsed=\"true\"\r\n   Name=\"Table Simple 2\"/>\r\n  <w:LsdException Locked=\"false\" SemiHidden=\"true\" UnhideWhenUsed=\"true\"\r\n   Name=\"Table Simple 3\"/>\r\n  <w:LsdException Locked=\"false\" SemiHidden=\"true\" UnhideWhenUsed=\"true\"\r\n   Name=\"Table Classic 1\"/>\r\n  <w:LsdException Locked=\"false\" SemiHidden=\"true\" UnhideWhenUsed=\"true\"\r\n   Name=\"Table Classic 2\"/>\r\n  <w:LsdException Locked=\"false\" SemiHidden=\"true\" UnhideWhenUsed=\"true\"\r\n   Name=\"Table Classic 3\"/>\r\n  <w:LsdException Locked=\"false\" SemiHidden=\"true\" UnhideWhenUsed=\"true\"\r\n   Name=\"Table Classic 4\"/>\r\n  <w:LsdException Locked=\"false\" SemiHidden=\"true\" UnhideWhenUsed=\"true\"\r\n   Name=\"Table Colorful 1\"/>\r\n  <w:LsdException Locked=\"false\" SemiHidden=\"true\" UnhideWhenUsed=\"true\"\r\n   Name=\"Table Colorful 2\"/>\r\n  <w:LsdException Locked=\"false\" SemiHidden=\"true\" UnhideWhenUsed=\"true\"\r\n   Name=\"Table Colorful 3\"/>\r\n  <w:LsdException Locked=\"false\" SemiHidden=\"true\" UnhideWhenUsed=\"true\"\r\n   Name=\"Table Columns 1\"/>\r\n  <w:LsdException Locked=\"false\" SemiHidden=\"true\" UnhideWhenUsed=\"true\"\r\n   Name=\"Table Columns 2\"/>\r\n  <w:LsdException Locked=\"false\" SemiHidden=\"true\" UnhideWhenUsed=\"true\"\r\n   Name=\"Table Columns 3\"/>\r\n  <w:LsdException Locked=\"false\" SemiHidden=\"true\" UnhideWhenUsed=\"true\"\r\n   Name=\"Table Columns 4\"/>\r\n  <w:LsdException Locked=\"false\" SemiHidden=\"true\" UnhideWhenUsed=\"true\"\r\n   Name=\"Table Columns 5\"/>\r\n  <w:LsdException Locked=\"false\" SemiHidden=\"true\" UnhideWhenUsed=\"true\"\r\n   Name=\"Table Grid 1\"/>\r\n  <w:LsdException Locked=\"false\" SemiHidden=\"true\" UnhideWhenUsed=\"true\"\r\n   Name=\"Table Grid 2\"/>\r\n  <w:LsdException Locked=\"false\" SemiHidden=\"true\" UnhideWhenUsed=\"true\"\r\n   Name=\"Table Grid 3\"/>\r\n  <w:LsdException Locked=\"false\" SemiHidden=\"true\" UnhideWhenUsed=\"true\"\r\n   Name=\"Table Grid 4\"/>\r\n  <w:LsdException Locked=\"false\" SemiHidden=\"true\" UnhideWhenUsed=\"true\"\r\n   Name=\"Table Grid 5\"/>\r\n  <w:LsdException Locked=\"false\" SemiHidden=\"true\" UnhideWhenUsed=\"true\"\r\n   Name=\"Table Grid 6\"/>\r\n  <w:LsdException Locked=\"false\" SemiHidden=\"true\" UnhideWhenUsed=\"true\"\r\n   Name=\"Table Grid 7\"/>\r\n  <w:LsdException Locked=\"false\" SemiHidden=\"true\" UnhideWhenUsed=\"true\"\r\n   Name=\"Table Grid 8\"/>\r\n  <w:LsdException Locked=\"false\" SemiHidden=\"true\" UnhideWhenUsed=\"true\"\r\n   Name=\"Table List 1\"/>\r\n  <w:LsdException Locked=\"false\" SemiHidden=\"true\" UnhideWhenUsed=\"true\"\r\n   Name=\"Table List 2\"/>\r\n  <w:LsdException Locked=\"false\" SemiHidden=\"true\" UnhideWhenUsed=\"true\"\r\n   Name=\"Table List 3\"/>\r\n  <w:LsdException Locked=\"false\" SemiHidden=\"true\" UnhideWhenUsed=\"true\"\r\n   Name=\"Table List 4\"/>\r\n  <w:LsdException Locked=\"false\" SemiHidden=\"true\" UnhideWhenUsed=\"true\"\r\n   Name=\"Table List 5\"/>\r\n  <w:LsdException Locked=\"false\" SemiHidden=\"true\" UnhideWhenUsed=\"true\"\r\n   Name=\"Table List 6\"/>\r\n  <w:LsdException Locked=\"false\" SemiHidden=\"true\" UnhideWhenUsed=\"true\"\r\n   Name=\"Table List 7\"/>\r\n  <w:LsdException Locked=\"false\" SemiHidden=\"true\" UnhideWhenUsed=\"true\"\r\n   Name=\"Table List 8\"/>\r\n  <w:LsdException Locked=\"false\" SemiHidden=\"true\" UnhideWhenUsed=\"true\"\r\n   Name=\"Table 3D effects 1\"/>\r\n  <w:LsdException Locked=\"false\" SemiHidden=\"true\" UnhideWhenUsed=\"true\"\r\n   Name=\"Table 3D effects 2\"/>\r\n  <w:LsdException Locked=\"false\" SemiHidden=\"true\" UnhideWhenUsed=\"true\"\r\n   Name=\"Table 3D effects 3\"/>\r\n  <w:LsdException Locked=\"false\" SemiHidden=\"true\" UnhideWhenUsed=\"true\"\r\n   Name=\"Table Contemporary\"/>\r\n  <w:LsdException Locked=\"false\" SemiHidden=\"true\" UnhideWhenUsed=\"true\"\r\n   Name=\"Table Elegant\"/>\r\n  <w:LsdException Locked=\"false\" SemiHidden=\"true\" UnhideWhenUsed=\"true\"\r\n   Name=\"Table Professional\"/>\r\n  <w:LsdException Locked=\"false\" SemiHidden=\"true\" UnhideWhenUsed=\"true\"\r\n   Name=\"Table Subtle 1\"/>\r\n  <w:LsdException Locked=\"false\" SemiHidden=\"true\" UnhideWhenUsed=\"true\"\r\n   Name=\"Table Subtle 2\"/>\r\n  <w:LsdException Locked=\"false\" SemiHidden=\"true\" UnhideWhenUsed=\"true\"\r\n   Name=\"Table Web 1\"/>\r\n  <w:LsdException Locked=\"false\" SemiHidden=\"true\" UnhideWhenUsed=\"true\"\r\n   Name=\"Table Web 2\"/>\r\n  <w:LsdException Locked=\"false\" SemiHidden=\"true\" UnhideWhenUsed=\"true\"\r\n   Name=\"Table Web 3\"/>\r\n  <w:LsdException Locked=\"false\" SemiHidden=\"true\" UnhideWhenUsed=\"true\"\r\n   Name=\"Balloon Text\"/>\r\n  <w:LsdException Locked=\"false\" Priority=\"39\" Name=\"Table Grid\"/>\r\n  <w:LsdException Locked=\"false\" SemiHidden=\"true\" UnhideWhenUsed=\"true\"\r\n   Name=\"Table Theme\"/>\r\n  <w:LsdException Locked=\"false\" SemiHidden=\"true\" Name=\"Placeholder Text\"/>\r\n  <w:LsdException Locked=\"false\" Priority=\"1\" QFormat=\"true\" Name=\"No Spacing\"/>\r\n  <w:LsdException Locked=\"false\" Priority=\"60\" Name=\"Light Shading\"/>\r\n  <w:LsdException Locked=\"false\" Priority=\"61\" Name=\"Light List\"/>\r\n  <w:LsdException Locked=\"false\" Priority=\"62\" Name=\"Light Grid\"/>\r\n  <w:LsdException Locked=\"false\" Priority=\"63\" Name=\"Medium Shading 1\"/>\r\n  <w:LsdException Locked=\"false\" Priority=\"64\" Name=\"Medium Shading 2\"/>\r\n  <w:LsdException Locked=\"false\" Priority=\"65\" Name=\"Medium List 1\"/>\r\n  <w:LsdException Locked=\"false\" Priority=\"66\" Name=\"Medium List 2\"/>\r\n  <w:LsdException Locked=\"false\" Priority=\"67\" Name=\"Medium Grid 1\"/>\r\n  <w:LsdException Locked=\"false\" Priority=\"68\" Name=\"Medium Grid 2\"/>\r\n  <w:LsdException Locked=\"false\" Priority=\"69\" Name=\"Medium Grid 3\"/>\r\n  <w:LsdException Locked=\"false\" Priority=\"70\" Name=\"Dark List\"/>\r\n  <w:LsdException Locked=\"false\" Priority=\"71\" Name=\"Colorful Shading\"/>\r\n  <w:LsdException Locked=\"false\" Priority=\"72\" Name=\"Colorful List\"/>\r\n  <w:LsdException Locked=\"false\" Priority=\"73\" Name=\"Colorful Grid\"/>\r\n  <w:LsdException Locked=\"false\" Priority=\"60\" Name=\"Light Shading Accent 1\"/>\r\n  <w:LsdException Locked=\"false\" Priority=\"61\" Name=\"Light List Accent 1\"/>\r\n  <w:LsdException Locked=\"false\" Priority=\"62\" Name=\"Light Grid Accent 1\"/>\r\n  <w:LsdException Locked=\"false\" Priority=\"63\" Name=\"Medium Shading 1 Accent 1\"/>\r\n  <w:LsdException Locked=\"false\" Priority=\"64\" Name=\"Medium Shading 2 Accent 1\"/>\r\n  <w:LsdException Locked=\"false\" Priority=\"65\" Name=\"Medium List 1 Accent 1\"/>\r\n  <w:LsdException Locked=\"false\" SemiHidden=\"true\" Name=\"Revision\"/>\r\n  <w:LsdException Locked=\"false\" Priority=\"34\" QFormat=\"true\"\r\n   Name=\"List Paragraph\"/>\r\n  <w:LsdException Locked=\"false\" Priority=\"29\" QFormat=\"true\" Name=\"Quote\"/>\r\n  <w:LsdException Locked=\"false\" Priority=\"30\" QFormat=\"true\"\r\n   Name=\"Intense Quote\"/>\r\n  <w:LsdException Locked=\"false\" Priority=\"66\" Name=\"Medium List 2 Accent 1\"/>\r\n  <w:LsdException Locked=\"false\" Priority=\"67\" Name=\"Medium Grid 1 Accent 1\"/>\r\n  <w:LsdException Locked=\"false\" Priority=\"68\" Name=\"Medium Grid 2 Accent 1\"/>\r\n  <w:LsdException Locked=\"false\" Priority=\"69\" Name=\"Medium Grid 3 Accent 1\"/>\r\n  <w:LsdException Locked=\"false\" Priority=\"70\" Name=\"Dark List Accent 1\"/>\r\n  <w:LsdException Locked=\"false\" Priority=\"71\" Name=\"Colorful Shading Accent 1\"/>\r\n  <w:LsdException Locked=\"false\" Priority=\"72\" Name=\"Colorful List Accent 1\"/>\r\n  <w:LsdException Locked=\"false\" Priority=\"73\" Name=\"Colorful Grid Accent 1\"/>\r\n  <w:LsdException Locked=\"false\" Priority=\"60\" Name=\"Light Shading Accent 2\"/>\r\n  <w:LsdException Locked=\"false\" Priority=\"61\" Name=\"Light List Accent 2\"/>\r\n  <w:LsdException Locked=\"false\" Priority=\"62\" Name=\"Light Grid Accent 2\"/>\r\n  <w:LsdException Locked=\"false\" Priority=\"63\" Name=\"Medium Shading 1 Accent 2\"/>\r\n  <w:LsdException Locked=\"false\" Priority=\"64\" Name=\"Medium Shading 2 Accent 2\"/>\r\n  <w:LsdException Locked=\"false\" Priority=\"65\" Name=\"Medium List 1 Accent 2\"/>\r\n  <w:LsdException Locked=\"false\" Priority=\"66\" Name=\"Medium List 2 Accent 2\"/>\r\n  <w:LsdException Locked=\"false\" Priority=\"67\" Name=\"Medium Grid 1 Accent 2\"/>\r\n  <w:LsdException Locked=\"false\" Priority=\"68\" Name=\"Medium Grid 2 Accent 2\"/>\r\n  <w:LsdException Locked=\"false\" Priority=\"69\" Name=\"Medium Grid 3 Accent 2\"/>\r\n  <w:LsdException Locked=\"false\" Priority=\"70\" Name=\"Dark List Accent 2\"/>\r\n  <w:LsdException Locked=\"false\" Priority=\"71\" Name=\"Colorful Shading Accent 2\"/>\r\n  <w:LsdException Locked=\"false\" Priority=\"72\" Name=\"Colorful List Accent 2\"/>\r\n  <w:LsdException Locked=\"false\" Priority=\"73\" Name=\"Colorful Grid Accent 2\"/>\r\n  <w:LsdException Locked=\"false\" Priority=\"60\" Name=\"Light Shading Accent 3\"/>\r\n  <w:LsdException Locked=\"false\" Priority=\"61\" Name=\"Light List Accent 3\"/>\r\n  <w:LsdException Locked=\"false\" Priority=\"62\" Name=\"Light Grid Accent 3\"/>\r\n  <w:LsdException Locked=\"false\" Priority=\"63\" Name=\"Medium Shading 1 Accent 3\"/>\r\n  <w:LsdException Locked=\"false\" Priority=\"64\" Name=\"Medium Shading 2 Accent 3\"/>\r\n  <w:LsdException Locked=\"false\" Priority=\"65\" Name=\"Medium List 1 Accent 3\"/>\r\n  <w:LsdException Locked=\"false\" Priority=\"66\" Name=\"Medium List 2 Accent 3\"/>\r\n  <w:LsdException Locked=\"false\" Priority=\"67\" Name=\"Medium Grid 1 Accent 3\"/>\r\n  <w:LsdException Locked=\"false\" Priority=\"68\" Name=\"Medium Grid 2 Accent 3\"/>\r\n  <w:LsdException Locked=\"false\" Priority=\"69\" Name=\"Medium Grid 3 Accent 3\"/>\r\n  <w:LsdException Locked=\"false\" Priority=\"70\" Name=\"Dark List Accent 3\"/>\r\n  <w:LsdException Locked=\"false\" Priority=\"71\" Name=\"Colorful Shading Accent 3\"/>\r\n  <w:LsdException Locked=\"false\" Priority=\"72\" Name=\"Colorful List Accent 3\"/>\r\n  <w:LsdException Locked=\"false\" Priority=\"73\" Name=\"Colorful Grid Accent 3\"/>\r\n  <w:LsdException Locked=\"false\" Priority=\"60\" Name=\"Light Shading Accent 4\"/>\r\n  <w:LsdException Locked=\"false\" Priority=\"61\" Name=\"Light List Accent 4\"/>\r\n  <w:LsdException Locked=\"false\" Priority=\"62\" Name=\"Light Grid Accent 4\"/>\r\n  <w:LsdException Locked=\"false\" Priority=\"63\" Name=\"Medium Shading 1 Accent 4\"/>\r\n  <w:LsdException Locked=\"false\" Priority=\"64\" Name=\"Medium Shading 2 Accent 4\"/>\r\n  <w:LsdException Locked=\"false\" Priority=\"65\" Name=\"Medium List 1 Accent 4\"/>\r\n  <w:LsdException Locked=\"false\" Priority=\"66\" Name=\"Medium List 2 Accent 4\"/>\r\n  <w:LsdException Locked=\"false\" Priority=\"67\" Name=\"Medium Grid 1 Accent 4\"/>\r\n  <w:LsdException Locked=\"false\" Priority=\"68\" Name=\"Medium Grid 2 Accent 4\"/>\r\n  <w:LsdException Locked=\"false\" Priority=\"69\" Name=\"Medium Grid 3 Accent 4\"/>\r\n  <w:LsdException Locked=\"false\" Priority=\"70\" Name=\"Dark List Accent 4\"/>\r\n  <w:LsdException Locked=\"false\" Priority=\"71\" Name=\"Colorful Shading Accent 4\"/>\r\n  <w:LsdException Locked=\"false\" Priority=\"72\" Name=\"Colorful List Accent 4\"/>\r\n  <w:LsdException Locked=\"false\" Priority=\"73\" Name=\"Colorful Grid Accent 4\"/>\r\n  <w:LsdException Locked=\"false\" Priority=\"60\" Name=\"Light Shading Accent 5\"/>\r\n  <w:LsdException Locked=\"false\" Priority=\"61\" Name=\"Light List Accent 5\"/>\r\n  <w:LsdException Locked=\"false\" Priority=\"62\" Name=\"Light Grid Accent 5\"/>\r\n  <w:LsdException Locked=\"false\" Priority=\"63\" Name=\"Medium Shading 1 Accent 5\"/>\r\n  <w:LsdException Locked=\"false\" Priority=\"64\" Name=\"Medium Shading 2 Accent 5\"/>\r\n  <w:LsdException Locked=\"false\" Priority=\"65\" Name=\"Medium List 1 Accent 5\"/>\r\n  <w:LsdException Locked=\"false\" Priority=\"66\" Name=\"Medium List 2 Accent 5\"/>\r\n  <w:LsdException Locked=\"false\" Priority=\"67\" Name=\"Medium Grid 1 Accent 5\"/>\r\n  <w:LsdException Locked=\"false\" Priority=\"68\" Name=\"Medium Grid 2 Accent 5\"/>\r\n  <w:LsdException Locked=\"false\" Priority=\"69\" Name=\"Medium Grid 3 Accent 5\"/>\r\n  <w:LsdException Locked=\"false\" Priority=\"70\" Name=\"Dark List Accent 5\"/>\r\n  <w:LsdException Locked=\"false\" Priority=\"71\" Name=\"Colorful Shading Accent 5\"/>\r\n  <w:LsdException Locked=\"false\" Priority=\"72\" Name=\"Colorful List Accent 5\"/>\r\n  <w:LsdException Locked=\"false\" Priority=\"73\" Name=\"Colorful Grid Accent 5\"/>\r\n  <w:LsdException Locked=\"false\" Priority=\"60\" Name=\"Light Shading Accent 6\"/>\r\n  <w:LsdException Locked=\"false\" Priority=\"61\" Name=\"Light List Accent 6\"/>\r\n  <w:LsdException Locked=\"false\" Priority=\"62\" Name=\"Light Grid Accent 6\"/>\r\n  <w:LsdException Locked=\"false\" Priority=\"63\" Name=\"Medium Shading 1 Accent 6\"/>\r\n  <w:LsdException Locked=\"false\" Priority=\"64\" Name=\"Medium Shading 2 Accent 6\"/>\r\n  <w:LsdException Locked=\"false\" Priority=\"65\" Name=\"Medium List 1 Accent 6\"/>\r\n  <w:LsdException Locked=\"false\" Priority=\"66\" Name=\"Medium List 2 Accent 6\"/>\r\n  <w:LsdException Locked=\"false\" Priority=\"67\" Name=\"Medium Grid 1 Accent 6\"/>\r\n  <w:LsdException Locked=\"false\" Priority=\"68\" Name=\"Medium Grid 2 Accent 6\"/>\r\n  <w:LsdException Locked=\"false\" Priority=\"69\" Name=\"Medium Grid 3 Accent 6\"/>\r\n  <w:LsdException Locked=\"false\" Priority=\"70\" Name=\"Dark List Accent 6\"/>\r\n  <w:LsdException Locked=\"false\" Priority=\"71\" Name=\"Colorful Shading Accent 6\"/>\r\n  <w:LsdException Locked=\"false\" Priority=\"72\" Name=\"Colorful List Accent 6\"/>\r\n  <w:LsdException Locked=\"false\" Priority=\"73\" Name=\"Colorful Grid Accent 6\"/>\r\n  <w:LsdException Locked=\"false\" Priority=\"19\" QFormat=\"true\"\r\n   Name=\"Subtle Emphasis\"/>\r\n  <w:LsdException Locked=\"false\" Priority=\"21\" QFormat=\"true\"\r\n   Name=\"Intense Emphasis\"/>\r\n  <w:LsdException Locked=\"false\" Priority=\"31\" QFormat=\"true\"\r\n   Name=\"Subtle Reference\"/>\r\n  <w:LsdException Locked=\"false\" Priority=\"32\" QFormat=\"true\"\r\n   Name=\"Intense Reference\"/>\r\n  <w:LsdException Locked=\"false\" Priority=\"33\" QFormat=\"true\" Name=\"Book Title\"/>\r\n  <w:LsdException Locked=\"false\" Priority=\"37\" SemiHidden=\"true\"\r\n   UnhideWhenUsed=\"true\" Name=\"Bibliography\"/>\r\n  <w:LsdException Locked=\"false\" Priority=\"39\" SemiHidden=\"true\"\r\n   UnhideWhenUsed=\"true\" QFormat=\"true\" Name=\"TOC Heading\"/>\r\n  <w:LsdException Locked=\"false\" Priority=\"41\" Name=\"Plain Table 1\"/>\r\n  <w:LsdException Locked=\"false\" Priority=\"42\" Name=\"Plain Table 2\"/>\r\n  <w:LsdException Locked=\"false\" Priority=\"43\" Name=\"Plain Table 3\"/>\r\n  <w:LsdException Locked=\"false\" Priority=\"44\" Name=\"Plain Table 4\"/>\r\n  <w:LsdException Locked=\"false\" Priority=\"45\" Name=\"Plain Table 5\"/>\r\n  <w:LsdException Locked=\"false\" Priority=\"40\" Name=\"Grid Table Light\"/>\r\n  <w:LsdException Locked=\"false\" Priority=\"46\" Name=\"Grid Table 1 Light\"/>\r\n  <w:LsdException Locked=\"false\" Priority=\"47\" Name=\"Grid Table 2\"/>\r\n  <w:LsdException Locked=\"false\" Priority=\"48\" Name=\"Grid Table 3\"/>\r\n  <w:LsdException Locked=\"false\" Priority=\"49\" Name=\"Grid Table 4\"/>\r\n  <w:LsdException Locked=\"false\" Priority=\"50\" Name=\"Grid Table 5 Dark\"/>\r\n  <w:LsdException Locked=\"false\" Priority=\"51\" Name=\"Grid Table 6 Colorful\"/>\r\n  <w:LsdException Locked=\"false\" Priority=\"52\" Name=\"Grid Table 7 Colorful\"/>\r\n  <w:LsdException Locked=\"false\" Priority=\"46\"\r\n   Name=\"Grid Table 1 Light Accent 1\"/>\r\n  <w:LsdException Locked=\"false\" Priority=\"47\" Name=\"Grid Table 2 Accent 1\"/>\r\n  <w:LsdException Locked=\"false\" Priority=\"48\" Name=\"Grid Table 3 Accent 1\"/>\r\n  <w:LsdException Locked=\"false\" Priority=\"49\" Name=\"Grid Table 4 Accent 1\"/>\r\n  <w:LsdException Locked=\"false\" Priority=\"50\" Name=\"Grid Table 5 Dark Accent 1\"/>\r\n  <w:LsdException Locked=\"false\" Priority=\"51\"\r\n   Name=\"Grid Table 6 Colorful Accent 1\"/>\r\n  <w:LsdException Locked=\"false\" Priority=\"52\"\r\n   Name=\"Grid Table 7 Colorful Accent 1\"/>\r\n  <w:LsdException Locked=\"false\" Priority=\"46\"\r\n   Name=\"Grid Table 1 Light Accent 2\"/>\r\n  <w:LsdException Locked=\"false\" Priority=\"47\" Name=\"Grid Table 2 Accent 2\"/>\r\n  <w:LsdException Locked=\"false\" Priority=\"48\" Name=\"Grid Table 3 Accent 2\"/>\r\n  <w:LsdException Locked=\"false\" Priority=\"49\" Name=\"Grid Table 4 Accent 2\"/>\r\n  <w:LsdException Locked=\"false\" Priority=\"50\" Name=\"Grid Table 5 Dark Accent 2\"/>\r\n  <w:LsdException Locked=\"false\" Priority=\"51\"\r\n   Name=\"Grid Table 6 Colorful Accent 2\"/>\r\n  <w:LsdException Locked=\"false\" Priority=\"52\"\r\n   Name=\"Grid Table 7 Colorful Accent 2\"/>\r\n  <w:LsdException Locked=\"false\" Priority=\"46\"\r\n   Name=\"Grid Table 1 Light Accent 3\"/>\r\n  <w:LsdException Locked=\"false\" Priority=\"47\" Name=\"Grid Table 2 Accent 3\"/>\r\n  <w:LsdException Locked=\"false\" Priority=\"48\" Name=\"Grid Table 3 Accent 3\"/>\r\n  <w:LsdException Locked=\"false\" Priority=\"49\" Name=\"Grid Table 4 Accent 3\"/>\r\n  <w:LsdException Locked=\"false\" Priority=\"50\" Name=\"Grid Table 5 Dark Accent 3\"/>\r\n  <w:LsdException Locked=\"false\" Priority=\"51\"\r\n   Name=\"Grid Table 6 Colorful Accent 3\"/>\r\n  <w:LsdException Locked=\"false\" Priority=\"52\"\r\n   Name=\"Grid Table 7 Colorful Accent 3\"/>\r\n  <w:LsdException Locked=\"false\" Priority=\"46\"\r\n   Name=\"Grid Table 1 Light Accent 4\"/>\r\n  <w:LsdException Locked=\"false\" Priority=\"47\" Name=\"Grid Table 2 Accent 4\"/>\r\n  <w:LsdException Locked=\"false\" Priority=\"48\" Name=\"Grid Table 3 Accent 4\"/>\r\n  <w:LsdException Locked=\"false\" Priority=\"49\" Name=\"Grid Table 4 Accent 4\"/>\r\n  <w:LsdException Locked=\"false\" Priority=\"50\" Name=\"Grid Table 5 Dark Accent 4\"/>\r\n  <w:LsdException Locked=\"false\" Priority=\"51\"\r\n   Name=\"Grid Table 6 Colorful Accent 4\"/>\r\n  <w:LsdException Locked=\"false\" Priority=\"52\"\r\n   Name=\"Grid Table 7 Colorful Accent 4\"/>\r\n  <w:LsdException Locked=\"false\" Priority=\"46\"\r\n   Name=\"Grid Table 1 Light Accent 5\"/>\r\n  <w:LsdException Locked=\"false\" Priority=\"47\" Name=\"Grid Table 2 Accent 5\"/>\r\n  <w:LsdException Locked=\"false\" Priority=\"48\" Name=\"Grid Table 3 Accent 5\"/>\r\n  <w:LsdException Locked=\"false\" Priority=\"49\" Name=\"Grid Table 4 Accent 5\"/>\r\n  <w:LsdException Locked=\"false\" Priority=\"50\" Name=\"Grid Table 5 Dark Accent 5\"/>\r\n  <w:LsdException Locked=\"false\" Priority=\"51\"\r\n   Name=\"Grid Table 6 Colorful Accent 5\"/>\r\n  <w:LsdException Locked=\"false\" Priority=\"52\"\r\n   Name=\"Grid Table 7 Colorful Accent 5\"/>\r\n  <w:LsdException Locked=\"false\" Priority=\"46\"\r\n   Name=\"Grid Table 1 Light Accent 6\"/>\r\n  <w:LsdException Locked=\"false\" Priority=\"47\" Name=\"Grid Table 2 Accent 6\"/>\r\n  <w:LsdException Locked=\"false\" Priority=\"48\" Name=\"Grid Table 3 Accent 6\"/>\r\n  <w:LsdException Locked=\"false\" Priority=\"49\" Name=\"Grid Table 4 Accent 6\"/>\r\n  <w:LsdException Locked=\"false\" Priority=\"50\" Name=\"Grid Table 5 Dark Accent 6\"/>\r\n  <w:LsdException Locked=\"false\" Priority=\"51\"\r\n   Name=\"Grid Table 6 Colorful Accent 6\"/>\r\n  <w:LsdException Locked=\"false\" Priority=\"52\"\r\n   Name=\"Grid Table 7 Colorful Accent 6\"/>\r\n  <w:LsdException Locked=\"false\" Priority=\"46\" Name=\"List Table 1 Light\"/>\r\n  <w:LsdException Locked=\"false\" Priority=\"47\" Name=\"List Table 2\"/>\r\n  <w:LsdException Locked=\"false\" Priority=\"48\" Name=\"List Table 3\"/>\r\n  <w:LsdException Locked=\"false\" Priority=\"49\" Name=\"List Table 4\"/>\r\n  <w:LsdException Locked=\"false\" Priority=\"50\" Name=\"List Table 5 Dark\"/>\r\n  <w:LsdException Locked=\"false\" Priority=\"51\" Name=\"List Table 6 Colorful\"/>\r\n  <w:LsdException Locked=\"false\" Priority=\"52\" Name=\"List Table 7 Colorful\"/>\r\n  <w:LsdException Locked=\"false\" Priority=\"46\"\r\n   Name=\"List Table 1 Light Accent 1\"/>\r\n  <w:LsdException Locked=\"false\" Priority=\"47\" Name=\"List Table 2 Accent 1\"/>\r\n  <w:LsdException Locked=\"false\" Priority=\"48\" Name=\"List Table 3 Accent 1\"/>\r\n  <w:LsdException Locked=\"false\" Priority=\"49\" Name=\"List Table 4 Accent 1\"/>\r\n  <w:LsdException Locked=\"false\" Priority=\"50\" Name=\"List Table 5 Dark Accent 1\"/>\r\n  <w:LsdException Locked=\"false\" Priority=\"51\"\r\n   Name=\"List Table 6 Colorful Accent 1\"/>\r\n  <w:LsdException Locked=\"false\" Priority=\"52\"\r\n   Name=\"List Table 7 Colorful Accent 1\"/>\r\n  <w:LsdException Locked=\"false\" Priority=\"46\"\r\n   Name=\"List Table 1 Light Accent 2\"/>\r\n  <w:LsdException Locked=\"false\" Priority=\"47\" Name=\"List Table 2 Accent 2\"/>\r\n  <w:LsdException Locked=\"false\" Priority=\"48\" Name=\"List Table 3 Accent 2\"/>\r\n  <w:LsdException Locked=\"false\" Priority=\"49\" Name=\"List Table 4 Accent 2\"/>\r\n  <w:LsdException Locked=\"false\" Priority=\"50\" Name=\"List Table 5 Dark Accent 2\"/>\r\n  <w:LsdException Locked=\"false\" Priority=\"51\"\r\n   Name=\"List Table 6 Colorful Accent 2\"/>\r\n  <w:LsdException Locked=\"false\" Priority=\"52\"\r\n   Name=\"List Table 7 Colorful Accent 2\"/>\r\n  <w:LsdException Locked=\"false\" Priority=\"46\"\r\n   Name=\"List Table 1 Light Accent 3\"/>\r\n  <w:LsdException Locked=\"false\" Priority=\"47\" Name=\"List Table 2 Accent 3\"/>\r\n  <w:LsdException Locked=\"false\" Priority=\"48\" Name=\"List Table 3 Accent 3\"/>\r\n  <w:LsdException Locked=\"false\" Priority=\"49\" Name=\"List Table 4 Accent 3\"/>\r\n  <w:LsdException Locked=\"false\" Priority=\"50\" Name=\"List Table 5 Dark Accent 3\"/>\r\n  <w:LsdException Locked=\"false\" Priority=\"51\"\r\n   Name=\"List Table 6 Colorful Accent 3\"/>\r\n  <w:LsdException Locked=\"false\" Priority=\"52\"\r\n   Name=\"List Table 7 Colorful Accent 3\"/>\r\n  <w:LsdException Locked=\"false\" Priority=\"46\"\r\n   Name=\"List Table 1 Light Accent 4\"/>\r\n  <w:LsdException Locked=\"false\" Priority=\"47\" Name=\"List Table 2 Accent 4\"/>\r\n  <w:LsdException Locked=\"false\" Priority=\"48\" Name=\"List Table 3 Accent 4\"/>\r\n  <w:LsdException Locked=\"false\" Priority=\"49\" Name=\"List Table 4 Accent 4\"/>\r\n  <w:LsdException Locked=\"false\" Priority=\"50\" Name=\"List Table 5 Dark Accent 4\"/>\r\n  <w:LsdException Locked=\"false\" Priority=\"51\"\r\n   Name=\"List Table 6 Colorful Accent 4\"/>\r\n  <w:LsdException Locked=\"false\" Priority=\"52\"\r\n   Name=\"List Table 7 Colorful Accent 4\"/>\r\n  <w:LsdException Locked=\"false\" Priority=\"46\"\r\n   Name=\"List Table 1 Light Accent 5\"/>\r\n  <w:LsdException Locked=\"false\" Priority=\"47\" Name=\"List Table 2 Accent 5\"/>\r\n  <w:LsdException Locked=\"false\" Priority=\"48\" Name=\"List Table 3 Accent 5\"/>\r\n  <w:LsdException Locked=\"false\" Priority=\"49\" Name=\"List Table 4 Accent 5\"/>\r\n  <w:LsdException Locked=\"false\" Priority=\"50\" Name=\"List Table 5 Dark Accent 5\"/>\r\n  <w:LsdException Locked=\"false\" Priority=\"51\"\r\n   Name=\"List Table 6 Colorful Accent 5\"/>\r\n  <w:LsdException Locked=\"false\" Priority=\"52\"\r\n   Name=\"List Table 7 Colorful Accent 5\"/>\r\n  <w:LsdException Locked=\"false\" Priority=\"46\"\r\n   Name=\"List Table 1 Light Accent 6\"/>\r\n  <w:LsdException Locked=\"false\" Priority=\"47\" Name=\"List Table 2 Accent 6\"/>\r\n  <w:LsdException Locked=\"false\" Priority=\"48\" Name=\"List Table 3 Accent 6\"/>\r\n  <w:LsdException Locked=\"false\" Priority=\"49\" Name=\"List Table 4 Accent 6\"/>\r\n  <w:LsdException Locked=\"false\" Priority=\"50\" Name=\"List Table 5 Dark Accent 6\"/>\r\n  <w:LsdException Locked=\"false\" Priority=\"51\"\r\n   Name=\"List Table 6 Colorful Accent 6\"/>\r\n  <w:LsdException Locked=\"false\" Priority=\"52\"\r\n   Name=\"List Table 7 Colorful Accent 6\"/>\r\n </w:LatentStyles>\r\n</xml><![endif]--><!-- [if gte mso 10]>\r\n<style>\r\n /* Style Definitions */\r\n table.MsoNormalTable\r\n	{mso-style-name:\"Table Normal\";\r\n	mso-tstyle-rowband-size:0;\r\n	mso-tstyle-colband-size:0;\r\n	mso-style-noshow:yes;\r\n	mso-style-priority:99;\r\n	mso-style-parent:\"\";\r\n	mso-padding-alt:0in 5.4pt 0in 5.4pt;\r\n	mso-para-margin-top:0in;\r\n	mso-para-margin-right:0in;\r\n	mso-para-margin-bottom:10.0pt;\r\n	mso-para-margin-left:0in;\r\n	line-height:115%;\r\n	mso-pagination:widow-orphan;\r\n	font-size:11.0pt;\r\n	mso-bidi-font-size:14.0pt;\r\n	font-family:\"Calibri\",\"sans-serif\";\r\n	mso-ascii-font-family:Calibri;\r\n	mso-ascii-theme-font:minor-latin;\r\n	mso-hansi-font-family:Calibri;\r\n	mso-hansi-theme-font:minor-latin;\r\n	mso-bidi-font-family:Vrinda;\r\n	mso-bidi-theme-font:minor-bidi;\r\n	mso-bidi-language:BN;}\r\n</style>\r\n<![endif]--></p>\r\n<p class=\"MsoNormal\" style=\"mso-margin-top-alt: auto; mso-margin-bottom-alt: auto; line-height: normal;\"><span style=\"font-size: 12.0pt; font-family: \'Arial\',\'sans-serif\'; mso-fareast-font-family: \'Times New Roman\';\">The <strong>Apollo Klik Klak</strong></span></p>\r\n<ul type=\"disc\">\r\n<li class=\"MsoNormal\" style=\"mso-margin-top-alt: auto; mso-margin-bottom-alt: auto; line-height: normal; mso-list: l1 level1 lfo1; tab-stops: list .5in;\"><span style=\"font-size: 12.0pt; font-family: \'Arial\',\'sans-serif\'; mso-fareast-font-family: \'Times New Roman\';\">Black color</span></li>\r\n<li class=\"MsoNormal\" style=\"mso-margin-top-alt: auto; mso-margin-bottom-alt: auto; line-height: normal; mso-list: l1 level1 lfo1; tab-stops: list .5in;\"><span style=\"font-size: 12.0pt; font-family: \'Arial\',\'sans-serif\'; mso-fareast-font-family: \'Times New Roman\';\">White welt</span></li>\r\n</ul>\r\n<p class=\"MsoNormal\" style=\"mso-margin-top-alt: auto; mso-margin-bottom-alt: auto; line-height: normal;\"><span style=\"font-size: 12.0pt; font-family: \'Arial\',\'sans-serif\'; mso-fareast-font-family: \'Times New Roman\';\">Dimensions:</span></p>\r\n<ul type=\"disc\">\r\n<li class=\"MsoNormal\" style=\"mso-margin-top-alt: auto; mso-margin-bottom-alt: auto; line-height: normal; mso-list: l0 level1 lfo2; tab-stops: list .5in;\"><span style=\"font-size: 12.0pt; font-family: \'Arial\',\'sans-serif\'; mso-fareast-font-family: \'Times New Roman\';\">67x32x29</span></li>\r\n</ul>\r\n<p class=\"MsoNormal\" style=\"mso-margin-top-alt: auto; mso-margin-bottom-alt: auto; line-height: normal;\"><span style=\"font-size: 12.0pt; font-family: \'Arial\',\'sans-serif\'; mso-fareast-font-family: \'Times New Roman\';\">Dimensions:</span></p>\r\n<ul type=\"disc\">\r\n<li class=\"MsoNormal\" style=\"mso-margin-top-alt: auto; mso-margin-bottom-alt: auto; line-height: normal; mso-list: l0 level1 lfo2; tab-stops: list .5in;\"><span style=\"font-size: 12.0pt; font-family: \'Arial\',\'sans-serif\'; mso-fareast-font-family: \'Times New Roman\';\">67x32x29</span></li>\r\n</ul>\r\n<p class=\"MsoNormal\">&nbsp;</p>\r\n<p>&nbsp;</p>', 'Sofa', 'Red', 7, '2018-11-29 05:16:35', '2018-11-29 05:16:35', 'products\\November2018\\RRBm9p1gXq4nzapxe0GJ.jpg', 'products\\November2018\\JmrJ9i6TLw6oAqdOwGK2.jpg', 'products\\November2018\\PewacSzKThN4YVbXOpHm.jpg', NULL, NULL, 20, 15, NULL, '2018-12-26 00:00:00');
INSERT INTO `products` (`id`, `name`, `slug`, `details`, `present_price`, `discount_price`, `description`, `feature_name`, `feature_color`, `category_id`, `created_at`, `updated_at`, `product_image`, `gallery_image1`, `gallery_image2`, `gallery_image3`, `gallery_image4`, `stock`, `percentige`, `badge`, `weekly`) VALUES
(9, 'The Bliss', 'the-bliss', 'Brown color\r\nMotion Set \r\nSteel frame', '2500', '2110', '<p><!-- [if gte mso 9]><xml>\r\n <w:WordDocument>\r\n  <w:View>Normal</w:View>\r\n  <w:Zoom>0</w:Zoom>\r\n  <w:TrackMoves/>\r\n  <w:TrackFormatting/>\r\n  <w:PunctuationKerning/>\r\n  <w:ValidateAgainstSchemas/>\r\n  <w:SaveIfXMLInvalid>false</w:SaveIfXMLInvalid>\r\n  <w:IgnoreMixedContent>false</w:IgnoreMixedContent>\r\n  <w:AlwaysShowPlaceholderText>false</w:AlwaysShowPlaceholderText>\r\n  <w:DoNotPromoteQF/>\r\n  <w:LidThemeOther>EN-US</w:LidThemeOther>\r\n  <w:LidThemeAsian>X-NONE</w:LidThemeAsian>\r\n  <w:LidThemeComplexScript>BN</w:LidThemeComplexScript>\r\n  <w:Compatibility>\r\n   <w:BreakWrappedTables/>\r\n   <w:SnapToGridInCell/>\r\n   <w:WrapTextWithPunct/>\r\n   <w:UseAsianBreakRules/>\r\n   <w:DontGrowAutofit/>\r\n   <w:SplitPgBreakAndParaMark/>\r\n   <w:EnableOpenTypeKerning/>\r\n   <w:DontFlipMirrorIndents/>\r\n   <w:OverrideTableStyleHps/>\r\n   <w:UseFELayout/>\r\n  </w:Compatibility>\r\n  <m:mathPr>\r\n   <m:mathFont m:val=\"Cambria Math\"/>\r\n   <m:brkBin m:val=\"before\"/>\r\n   <m:brkBinSub m:val=\"&#45;-\"/>\r\n   <m:smallFrac m:val=\"off\"/>\r\n   <m:dispDef/>\r\n   <m:lMargin m:val=\"0\"/>\r\n   <m:rMargin m:val=\"0\"/>\r\n   <m:defJc m:val=\"centerGroup\"/>\r\n   <m:wrapIndent m:val=\"1440\"/>\r\n   <m:intLim m:val=\"subSup\"/>\r\n   <m:naryLim m:val=\"undOvr\"/>\r\n  </m:mathPr></w:WordDocument>\r\n</xml><![endif]--><!-- [if gte mso 9]><xml>\r\n <w:LatentStyles DefLockedState=\"false\" DefUnhideWhenUsed=\"false\"\r\n  DefSemiHidden=\"false\" DefQFormat=\"false\" DefPriority=\"99\"\r\n  LatentStyleCount=\"371\">\r\n  <w:LsdException Locked=\"false\" Priority=\"0\" QFormat=\"true\" Name=\"Normal\"/>\r\n  <w:LsdException Locked=\"false\" Priority=\"9\" QFormat=\"true\" Name=\"heading 1\"/>\r\n  <w:LsdException Locked=\"false\" Priority=\"9\" SemiHidden=\"true\"\r\n   UnhideWhenUsed=\"true\" QFormat=\"true\" Name=\"heading 2\"/>\r\n  <w:LsdException Locked=\"false\" Priority=\"9\" SemiHidden=\"true\"\r\n   UnhideWhenUsed=\"true\" QFormat=\"true\" Name=\"heading 3\"/>\r\n  <w:LsdException Locked=\"false\" Priority=\"9\" SemiHidden=\"true\"\r\n   UnhideWhenUsed=\"true\" QFormat=\"true\" Name=\"heading 4\"/>\r\n  <w:LsdException Locked=\"false\" Priority=\"9\" SemiHidden=\"true\"\r\n   UnhideWhenUsed=\"true\" QFormat=\"true\" Name=\"heading 5\"/>\r\n  <w:LsdException Locked=\"false\" Priority=\"9\" SemiHidden=\"true\"\r\n   UnhideWhenUsed=\"true\" QFormat=\"true\" Name=\"heading 6\"/>\r\n  <w:LsdException Locked=\"false\" Priority=\"9\" SemiHidden=\"true\"\r\n   UnhideWhenUsed=\"true\" QFormat=\"true\" Name=\"heading 7\"/>\r\n  <w:LsdException Locked=\"false\" Priority=\"9\" SemiHidden=\"true\"\r\n   UnhideWhenUsed=\"true\" QFormat=\"true\" Name=\"heading 8\"/>\r\n  <w:LsdException Locked=\"false\" Priority=\"9\" SemiHidden=\"true\"\r\n   UnhideWhenUsed=\"true\" QFormat=\"true\" Name=\"heading 9\"/>\r\n  <w:LsdException Locked=\"false\" SemiHidden=\"true\" UnhideWhenUsed=\"true\"\r\n   Name=\"index 1\"/>\r\n  <w:LsdException Locked=\"false\" SemiHidden=\"true\" UnhideWhenUsed=\"true\"\r\n   Name=\"index 2\"/>\r\n  <w:LsdException Locked=\"false\" SemiHidden=\"true\" UnhideWhenUsed=\"true\"\r\n   Name=\"index 3\"/>\r\n  <w:LsdException Locked=\"false\" SemiHidden=\"true\" UnhideWhenUsed=\"true\"\r\n   Name=\"index 4\"/>\r\n  <w:LsdException Locked=\"false\" SemiHidden=\"true\" UnhideWhenUsed=\"true\"\r\n   Name=\"index 5\"/>\r\n  <w:LsdException Locked=\"false\" SemiHidden=\"true\" UnhideWhenUsed=\"true\"\r\n   Name=\"index 6\"/>\r\n  <w:LsdException Locked=\"false\" SemiHidden=\"true\" UnhideWhenUsed=\"true\"\r\n   Name=\"index 7\"/>\r\n  <w:LsdException Locked=\"false\" SemiHidden=\"true\" UnhideWhenUsed=\"true\"\r\n   Name=\"index 8\"/>\r\n  <w:LsdException Locked=\"false\" SemiHidden=\"true\" UnhideWhenUsed=\"true\"\r\n   Name=\"index 9\"/>\r\n  <w:LsdException Locked=\"false\" Priority=\"39\" SemiHidden=\"true\"\r\n   UnhideWhenUsed=\"true\" Name=\"toc 1\"/>\r\n  <w:LsdException Locked=\"false\" Priority=\"39\" SemiHidden=\"true\"\r\n   UnhideWhenUsed=\"true\" Name=\"toc 2\"/>\r\n  <w:LsdException Locked=\"false\" Priority=\"39\" SemiHidden=\"true\"\r\n   UnhideWhenUsed=\"true\" Name=\"toc 3\"/>\r\n  <w:LsdException Locked=\"false\" Priority=\"39\" SemiHidden=\"true\"\r\n   UnhideWhenUsed=\"true\" Name=\"toc 4\"/>\r\n  <w:LsdException Locked=\"false\" Priority=\"39\" SemiHidden=\"true\"\r\n   UnhideWhenUsed=\"true\" Name=\"toc 5\"/>\r\n  <w:LsdException Locked=\"false\" Priority=\"39\" SemiHidden=\"true\"\r\n   UnhideWhenUsed=\"true\" Name=\"toc 6\"/>\r\n  <w:LsdException Locked=\"false\" Priority=\"39\" SemiHidden=\"true\"\r\n   UnhideWhenUsed=\"true\" Name=\"toc 7\"/>\r\n  <w:LsdException Locked=\"false\" Priority=\"39\" SemiHidden=\"true\"\r\n   UnhideWhenUsed=\"true\" Name=\"toc 8\"/>\r\n  <w:LsdException Locked=\"false\" Priority=\"39\" SemiHidden=\"true\"\r\n   UnhideWhenUsed=\"true\" Name=\"toc 9\"/>\r\n  <w:LsdException Locked=\"false\" SemiHidden=\"true\" UnhideWhenUsed=\"true\"\r\n   Name=\"Normal Indent\"/>\r\n  <w:LsdException Locked=\"false\" SemiHidden=\"true\" UnhideWhenUsed=\"true\"\r\n   Name=\"footnote text\"/>\r\n  <w:LsdException Locked=\"false\" SemiHidden=\"true\" UnhideWhenUsed=\"true\"\r\n   Name=\"annotation text\"/>\r\n  <w:LsdException Locked=\"false\" SemiHidden=\"true\" UnhideWhenUsed=\"true\"\r\n   Name=\"header\"/>\r\n  <w:LsdException Locked=\"false\" SemiHidden=\"true\" UnhideWhenUsed=\"true\"\r\n   Name=\"footer\"/>\r\n  <w:LsdException Locked=\"false\" SemiHidden=\"true\" UnhideWhenUsed=\"true\"\r\n   Name=\"index heading\"/>\r\n  <w:LsdException Locked=\"false\" Priority=\"35\" SemiHidden=\"true\"\r\n   UnhideWhenUsed=\"true\" QFormat=\"true\" Name=\"caption\"/>\r\n  <w:LsdException Locked=\"false\" SemiHidden=\"true\" UnhideWhenUsed=\"true\"\r\n   Name=\"table of figures\"/>\r\n  <w:LsdException Locked=\"false\" SemiHidden=\"true\" UnhideWhenUsed=\"true\"\r\n   Name=\"envelope address\"/>\r\n  <w:LsdException Locked=\"false\" SemiHidden=\"true\" UnhideWhenUsed=\"true\"\r\n   Name=\"envelope return\"/>\r\n  <w:LsdException Locked=\"false\" SemiHidden=\"true\" UnhideWhenUsed=\"true\"\r\n   Name=\"footnote reference\"/>\r\n  <w:LsdException Locked=\"false\" SemiHidden=\"true\" UnhideWhenUsed=\"true\"\r\n   Name=\"annotation reference\"/>\r\n  <w:LsdException Locked=\"false\" SemiHidden=\"true\" UnhideWhenUsed=\"true\"\r\n   Name=\"line number\"/>\r\n  <w:LsdException Locked=\"false\" SemiHidden=\"true\" UnhideWhenUsed=\"true\"\r\n   Name=\"page number\"/>\r\n  <w:LsdException Locked=\"false\" SemiHidden=\"true\" UnhideWhenUsed=\"true\"\r\n   Name=\"endnote reference\"/>\r\n  <w:LsdException Locked=\"false\" SemiHidden=\"true\" UnhideWhenUsed=\"true\"\r\n   Name=\"endnote text\"/>\r\n  <w:LsdException Locked=\"false\" SemiHidden=\"true\" UnhideWhenUsed=\"true\"\r\n   Name=\"table of authorities\"/>\r\n  <w:LsdException Locked=\"false\" SemiHidden=\"true\" UnhideWhenUsed=\"true\"\r\n   Name=\"macro\"/>\r\n  <w:LsdException Locked=\"false\" SemiHidden=\"true\" UnhideWhenUsed=\"true\"\r\n   Name=\"toa heading\"/>\r\n  <w:LsdException Locked=\"false\" SemiHidden=\"true\" UnhideWhenUsed=\"true\"\r\n   Name=\"List\"/>\r\n  <w:LsdException Locked=\"false\" SemiHidden=\"true\" UnhideWhenUsed=\"true\"\r\n   Name=\"List Bullet\"/>\r\n  <w:LsdException Locked=\"false\" SemiHidden=\"true\" UnhideWhenUsed=\"true\"\r\n   Name=\"List Number\"/>\r\n  <w:LsdException Locked=\"false\" SemiHidden=\"true\" UnhideWhenUsed=\"true\"\r\n   Name=\"List 2\"/>\r\n  <w:LsdException Locked=\"false\" SemiHidden=\"true\" UnhideWhenUsed=\"true\"\r\n   Name=\"List 3\"/>\r\n  <w:LsdException Locked=\"false\" SemiHidden=\"true\" UnhideWhenUsed=\"true\"\r\n   Name=\"List 4\"/>\r\n  <w:LsdException Locked=\"false\" SemiHidden=\"true\" UnhideWhenUsed=\"true\"\r\n   Name=\"List 5\"/>\r\n  <w:LsdException Locked=\"false\" SemiHidden=\"true\" UnhideWhenUsed=\"true\"\r\n   Name=\"List Bullet 2\"/>\r\n  <w:LsdException Locked=\"false\" SemiHidden=\"true\" UnhideWhenUsed=\"true\"\r\n   Name=\"List Bullet 3\"/>\r\n  <w:LsdException Locked=\"false\" SemiHidden=\"true\" UnhideWhenUsed=\"true\"\r\n   Name=\"List Bullet 4\"/>\r\n  <w:LsdException Locked=\"false\" SemiHidden=\"true\" UnhideWhenUsed=\"true\"\r\n   Name=\"List Bullet 5\"/>\r\n  <w:LsdException Locked=\"false\" SemiHidden=\"true\" UnhideWhenUsed=\"true\"\r\n   Name=\"List Number 2\"/>\r\n  <w:LsdException Locked=\"false\" SemiHidden=\"true\" UnhideWhenUsed=\"true\"\r\n   Name=\"List Number 3\"/>\r\n  <w:LsdException Locked=\"false\" SemiHidden=\"true\" UnhideWhenUsed=\"true\"\r\n   Name=\"List Number 4\"/>\r\n  <w:LsdException Locked=\"false\" SemiHidden=\"true\" UnhideWhenUsed=\"true\"\r\n   Name=\"List Number 5\"/>\r\n  <w:LsdException Locked=\"false\" Priority=\"10\" QFormat=\"true\" Name=\"Title\"/>\r\n  <w:LsdException Locked=\"false\" SemiHidden=\"true\" UnhideWhenUsed=\"true\"\r\n   Name=\"Closing\"/>\r\n  <w:LsdException Locked=\"false\" SemiHidden=\"true\" UnhideWhenUsed=\"true\"\r\n   Name=\"Signature\"/>\r\n  <w:LsdException Locked=\"false\" Priority=\"1\" SemiHidden=\"true\"\r\n   UnhideWhenUsed=\"true\" Name=\"Default Paragraph Font\"/>\r\n  <w:LsdException Locked=\"false\" SemiHidden=\"true\" UnhideWhenUsed=\"true\"\r\n   Name=\"Body Text\"/>\r\n  <w:LsdException Locked=\"false\" SemiHidden=\"true\" UnhideWhenUsed=\"true\"\r\n   Name=\"Body Text Indent\"/>\r\n  <w:LsdException Locked=\"false\" SemiHidden=\"true\" UnhideWhenUsed=\"true\"\r\n   Name=\"List Continue\"/>\r\n  <w:LsdException Locked=\"false\" SemiHidden=\"true\" UnhideWhenUsed=\"true\"\r\n   Name=\"List Continue 2\"/>\r\n  <w:LsdException Locked=\"false\" SemiHidden=\"true\" UnhideWhenUsed=\"true\"\r\n   Name=\"List Continue 3\"/>\r\n  <w:LsdException Locked=\"false\" SemiHidden=\"true\" UnhideWhenUsed=\"true\"\r\n   Name=\"List Continue 4\"/>\r\n  <w:LsdException Locked=\"false\" SemiHidden=\"true\" UnhideWhenUsed=\"true\"\r\n   Name=\"List Continue 5\"/>\r\n  <w:LsdException Locked=\"false\" SemiHidden=\"true\" UnhideWhenUsed=\"true\"\r\n   Name=\"Message Header\"/>\r\n  <w:LsdException Locked=\"false\" Priority=\"11\" QFormat=\"true\" Name=\"Subtitle\"/>\r\n  <w:LsdException Locked=\"false\" SemiHidden=\"true\" UnhideWhenUsed=\"true\"\r\n   Name=\"Salutation\"/>\r\n  <w:LsdException Locked=\"false\" SemiHidden=\"true\" UnhideWhenUsed=\"true\"\r\n   Name=\"Date\"/>\r\n  <w:LsdException Locked=\"false\" SemiHidden=\"true\" UnhideWhenUsed=\"true\"\r\n   Name=\"Body Text First Indent\"/>\r\n  <w:LsdException Locked=\"false\" SemiHidden=\"true\" UnhideWhenUsed=\"true\"\r\n   Name=\"Body Text First Indent 2\"/>\r\n  <w:LsdException Locked=\"false\" SemiHidden=\"true\" UnhideWhenUsed=\"true\"\r\n   Name=\"Note Heading\"/>\r\n  <w:LsdException Locked=\"false\" SemiHidden=\"true\" UnhideWhenUsed=\"true\"\r\n   Name=\"Body Text 2\"/>\r\n  <w:LsdException Locked=\"false\" SemiHidden=\"true\" UnhideWhenUsed=\"true\"\r\n   Name=\"Body Text 3\"/>\r\n  <w:LsdException Locked=\"false\" SemiHidden=\"true\" UnhideWhenUsed=\"true\"\r\n   Name=\"Body Text Indent 2\"/>\r\n  <w:LsdException Locked=\"false\" SemiHidden=\"true\" UnhideWhenUsed=\"true\"\r\n   Name=\"Body Text Indent 3\"/>\r\n  <w:LsdException Locked=\"false\" SemiHidden=\"true\" UnhideWhenUsed=\"true\"\r\n   Name=\"Block Text\"/>\r\n  <w:LsdException Locked=\"false\" SemiHidden=\"true\" UnhideWhenUsed=\"true\"\r\n   Name=\"Hyperlink\"/>\r\n  <w:LsdException Locked=\"false\" SemiHidden=\"true\" UnhideWhenUsed=\"true\"\r\n   Name=\"FollowedHyperlink\"/>\r\n  <w:LsdException Locked=\"false\" Priority=\"22\" QFormat=\"true\" Name=\"Strong\"/>\r\n  <w:LsdException Locked=\"false\" Priority=\"20\" QFormat=\"true\" Name=\"Emphasis\"/>\r\n  <w:LsdException Locked=\"false\" SemiHidden=\"true\" UnhideWhenUsed=\"true\"\r\n   Name=\"Document Map\"/>\r\n  <w:LsdException Locked=\"false\" SemiHidden=\"true\" UnhideWhenUsed=\"true\"\r\n   Name=\"Plain Text\"/>\r\n  <w:LsdException Locked=\"false\" SemiHidden=\"true\" UnhideWhenUsed=\"true\"\r\n   Name=\"E-mail Signature\"/>\r\n  <w:LsdException Locked=\"false\" SemiHidden=\"true\" UnhideWhenUsed=\"true\"\r\n   Name=\"HTML Top of Form\"/>\r\n  <w:LsdException Locked=\"false\" SemiHidden=\"true\" UnhideWhenUsed=\"true\"\r\n   Name=\"HTML Bottom of Form\"/>\r\n  <w:LsdException Locked=\"false\" SemiHidden=\"true\" UnhideWhenUsed=\"true\"\r\n   Name=\"Normal (Web)\"/>\r\n  <w:LsdException Locked=\"false\" SemiHidden=\"true\" UnhideWhenUsed=\"true\"\r\n   Name=\"HTML Acronym\"/>\r\n  <w:LsdException Locked=\"false\" SemiHidden=\"true\" UnhideWhenUsed=\"true\"\r\n   Name=\"HTML Address\"/>\r\n  <w:LsdException Locked=\"false\" SemiHidden=\"true\" UnhideWhenUsed=\"true\"\r\n   Name=\"HTML Cite\"/>\r\n  <w:LsdException Locked=\"false\" SemiHidden=\"true\" UnhideWhenUsed=\"true\"\r\n   Name=\"HTML Code\"/>\r\n  <w:LsdException Locked=\"false\" SemiHidden=\"true\" UnhideWhenUsed=\"true\"\r\n   Name=\"HTML Definition\"/>\r\n  <w:LsdException Locked=\"false\" SemiHidden=\"true\" UnhideWhenUsed=\"true\"\r\n   Name=\"HTML Keyboard\"/>\r\n  <w:LsdException Locked=\"false\" SemiHidden=\"true\" UnhideWhenUsed=\"true\"\r\n   Name=\"HTML Preformatted\"/>\r\n  <w:LsdException Locked=\"false\" SemiHidden=\"true\" UnhideWhenUsed=\"true\"\r\n   Name=\"HTML Sample\"/>\r\n  <w:LsdException Locked=\"false\" SemiHidden=\"true\" UnhideWhenUsed=\"true\"\r\n   Name=\"HTML Typewriter\"/>\r\n  <w:LsdException Locked=\"false\" SemiHidden=\"true\" UnhideWhenUsed=\"true\"\r\n   Name=\"HTML Variable\"/>\r\n  <w:LsdException Locked=\"false\" SemiHidden=\"true\" UnhideWhenUsed=\"true\"\r\n   Name=\"Normal Table\"/>\r\n  <w:LsdException Locked=\"false\" SemiHidden=\"true\" UnhideWhenUsed=\"true\"\r\n   Name=\"annotation subject\"/>\r\n  <w:LsdException Locked=\"false\" SemiHidden=\"true\" UnhideWhenUsed=\"true\"\r\n   Name=\"No List\"/>\r\n  <w:LsdException Locked=\"false\" SemiHidden=\"true\" UnhideWhenUsed=\"true\"\r\n   Name=\"Outline List 1\"/>\r\n  <w:LsdException Locked=\"false\" SemiHidden=\"true\" UnhideWhenUsed=\"true\"\r\n   Name=\"Outline List 2\"/>\r\n  <w:LsdException Locked=\"false\" SemiHidden=\"true\" UnhideWhenUsed=\"true\"\r\n   Name=\"Outline List 3\"/>\r\n  <w:LsdException Locked=\"false\" SemiHidden=\"true\" UnhideWhenUsed=\"true\"\r\n   Name=\"Table Simple 1\"/>\r\n  <w:LsdException Locked=\"false\" SemiHidden=\"true\" UnhideWhenUsed=\"true\"\r\n   Name=\"Table Simple 2\"/>\r\n  <w:LsdException Locked=\"false\" SemiHidden=\"true\" UnhideWhenUsed=\"true\"\r\n   Name=\"Table Simple 3\"/>\r\n  <w:LsdException Locked=\"false\" SemiHidden=\"true\" UnhideWhenUsed=\"true\"\r\n   Name=\"Table Classic 1\"/>\r\n  <w:LsdException Locked=\"false\" SemiHidden=\"true\" UnhideWhenUsed=\"true\"\r\n   Name=\"Table Classic 2\"/>\r\n  <w:LsdException Locked=\"false\" SemiHidden=\"true\" UnhideWhenUsed=\"true\"\r\n   Name=\"Table Classic 3\"/>\r\n  <w:LsdException Locked=\"false\" SemiHidden=\"true\" UnhideWhenUsed=\"true\"\r\n   Name=\"Table Classic 4\"/>\r\n  <w:LsdException Locked=\"false\" SemiHidden=\"true\" UnhideWhenUsed=\"true\"\r\n   Name=\"Table Colorful 1\"/>\r\n  <w:LsdException Locked=\"false\" SemiHidden=\"true\" UnhideWhenUsed=\"true\"\r\n   Name=\"Table Colorful 2\"/>\r\n  <w:LsdException Locked=\"false\" SemiHidden=\"true\" UnhideWhenUsed=\"true\"\r\n   Name=\"Table Colorful 3\"/>\r\n  <w:LsdException Locked=\"false\" SemiHidden=\"true\" UnhideWhenUsed=\"true\"\r\n   Name=\"Table Columns 1\"/>\r\n  <w:LsdException Locked=\"false\" SemiHidden=\"true\" UnhideWhenUsed=\"true\"\r\n   Name=\"Table Columns 2\"/>\r\n  <w:LsdException Locked=\"false\" SemiHidden=\"true\" UnhideWhenUsed=\"true\"\r\n   Name=\"Table Columns 3\"/>\r\n  <w:LsdException Locked=\"false\" SemiHidden=\"true\" UnhideWhenUsed=\"true\"\r\n   Name=\"Table Columns 4\"/>\r\n  <w:LsdException Locked=\"false\" SemiHidden=\"true\" UnhideWhenUsed=\"true\"\r\n   Name=\"Table Columns 5\"/>\r\n  <w:LsdException Locked=\"false\" SemiHidden=\"true\" UnhideWhenUsed=\"true\"\r\n   Name=\"Table Grid 1\"/>\r\n  <w:LsdException Locked=\"false\" SemiHidden=\"true\" UnhideWhenUsed=\"true\"\r\n   Name=\"Table Grid 2\"/>\r\n  <w:LsdException Locked=\"false\" SemiHidden=\"true\" UnhideWhenUsed=\"true\"\r\n   Name=\"Table Grid 3\"/>\r\n  <w:LsdException Locked=\"false\" SemiHidden=\"true\" UnhideWhenUsed=\"true\"\r\n   Name=\"Table Grid 4\"/>\r\n  <w:LsdException Locked=\"false\" SemiHidden=\"true\" UnhideWhenUsed=\"true\"\r\n   Name=\"Table Grid 5\"/>\r\n  <w:LsdException Locked=\"false\" SemiHidden=\"true\" UnhideWhenUsed=\"true\"\r\n   Name=\"Table Grid 6\"/>\r\n  <w:LsdException Locked=\"false\" SemiHidden=\"true\" UnhideWhenUsed=\"true\"\r\n   Name=\"Table Grid 7\"/>\r\n  <w:LsdException Locked=\"false\" SemiHidden=\"true\" UnhideWhenUsed=\"true\"\r\n   Name=\"Table Grid 8\"/>\r\n  <w:LsdException Locked=\"false\" SemiHidden=\"true\" UnhideWhenUsed=\"true\"\r\n   Name=\"Table List 1\"/>\r\n  <w:LsdException Locked=\"false\" SemiHidden=\"true\" UnhideWhenUsed=\"true\"\r\n   Name=\"Table List 2\"/>\r\n  <w:LsdException Locked=\"false\" SemiHidden=\"true\" UnhideWhenUsed=\"true\"\r\n   Name=\"Table List 3\"/>\r\n  <w:LsdException Locked=\"false\" SemiHidden=\"true\" UnhideWhenUsed=\"true\"\r\n   Name=\"Table List 4\"/>\r\n  <w:LsdException Locked=\"false\" SemiHidden=\"true\" UnhideWhenUsed=\"true\"\r\n   Name=\"Table List 5\"/>\r\n  <w:LsdException Locked=\"false\" SemiHidden=\"true\" UnhideWhenUsed=\"true\"\r\n   Name=\"Table List 6\"/>\r\n  <w:LsdException Locked=\"false\" SemiHidden=\"true\" UnhideWhenUsed=\"true\"\r\n   Name=\"Table List 7\"/>\r\n  <w:LsdException Locked=\"false\" SemiHidden=\"true\" UnhideWhenUsed=\"true\"\r\n   Name=\"Table List 8\"/>\r\n  <w:LsdException Locked=\"false\" SemiHidden=\"true\" UnhideWhenUsed=\"true\"\r\n   Name=\"Table 3D effects 1\"/>\r\n  <w:LsdException Locked=\"false\" SemiHidden=\"true\" UnhideWhenUsed=\"true\"\r\n   Name=\"Table 3D effects 2\"/>\r\n  <w:LsdException Locked=\"false\" SemiHidden=\"true\" UnhideWhenUsed=\"true\"\r\n   Name=\"Table 3D effects 3\"/>\r\n  <w:LsdException Locked=\"false\" SemiHidden=\"true\" UnhideWhenUsed=\"true\"\r\n   Name=\"Table Contemporary\"/>\r\n  <w:LsdException Locked=\"false\" SemiHidden=\"true\" UnhideWhenUsed=\"true\"\r\n   Name=\"Table Elegant\"/>\r\n  <w:LsdException Locked=\"false\" SemiHidden=\"true\" UnhideWhenUsed=\"true\"\r\n   Name=\"Table Professional\"/>\r\n  <w:LsdException Locked=\"false\" SemiHidden=\"true\" UnhideWhenUsed=\"true\"\r\n   Name=\"Table Subtle 1\"/>\r\n  <w:LsdException Locked=\"false\" SemiHidden=\"true\" UnhideWhenUsed=\"true\"\r\n   Name=\"Table Subtle 2\"/>\r\n  <w:LsdException Locked=\"false\" SemiHidden=\"true\" UnhideWhenUsed=\"true\"\r\n   Name=\"Table Web 1\"/>\r\n  <w:LsdException Locked=\"false\" SemiHidden=\"true\" UnhideWhenUsed=\"true\"\r\n   Name=\"Table Web 2\"/>\r\n  <w:LsdException Locked=\"false\" SemiHidden=\"true\" UnhideWhenUsed=\"true\"\r\n   Name=\"Table Web 3\"/>\r\n  <w:LsdException Locked=\"false\" SemiHidden=\"true\" UnhideWhenUsed=\"true\"\r\n   Name=\"Balloon Text\"/>\r\n  <w:LsdException Locked=\"false\" Priority=\"39\" Name=\"Table Grid\"/>\r\n  <w:LsdException Locked=\"false\" SemiHidden=\"true\" UnhideWhenUsed=\"true\"\r\n   Name=\"Table Theme\"/>\r\n  <w:LsdException Locked=\"false\" SemiHidden=\"true\" Name=\"Placeholder Text\"/>\r\n  <w:LsdException Locked=\"false\" Priority=\"1\" QFormat=\"true\" Name=\"No Spacing\"/>\r\n  <w:LsdException Locked=\"false\" Priority=\"60\" Name=\"Light Shading\"/>\r\n  <w:LsdException Locked=\"false\" Priority=\"61\" Name=\"Light List\"/>\r\n  <w:LsdException Locked=\"false\" Priority=\"62\" Name=\"Light Grid\"/>\r\n  <w:LsdException Locked=\"false\" Priority=\"63\" Name=\"Medium Shading 1\"/>\r\n  <w:LsdException Locked=\"false\" Priority=\"64\" Name=\"Medium Shading 2\"/>\r\n  <w:LsdException Locked=\"false\" Priority=\"65\" Name=\"Medium List 1\"/>\r\n  <w:LsdException Locked=\"false\" Priority=\"66\" Name=\"Medium List 2\"/>\r\n  <w:LsdException Locked=\"false\" Priority=\"67\" Name=\"Medium Grid 1\"/>\r\n  <w:LsdException Locked=\"false\" Priority=\"68\" Name=\"Medium Grid 2\"/>\r\n  <w:LsdException Locked=\"false\" Priority=\"69\" Name=\"Medium Grid 3\"/>\r\n  <w:LsdException Locked=\"false\" Priority=\"70\" Name=\"Dark List\"/>\r\n  <w:LsdException Locked=\"false\" Priority=\"71\" Name=\"Colorful Shading\"/>\r\n  <w:LsdException Locked=\"false\" Priority=\"72\" Name=\"Colorful List\"/>\r\n  <w:LsdException Locked=\"false\" Priority=\"73\" Name=\"Colorful Grid\"/>\r\n  <w:LsdException Locked=\"false\" Priority=\"60\" Name=\"Light Shading Accent 1\"/>\r\n  <w:LsdException Locked=\"false\" Priority=\"61\" Name=\"Light List Accent 1\"/>\r\n  <w:LsdException Locked=\"false\" Priority=\"62\" Name=\"Light Grid Accent 1\"/>\r\n  <w:LsdException Locked=\"false\" Priority=\"63\" Name=\"Medium Shading 1 Accent 1\"/>\r\n  <w:LsdException Locked=\"false\" Priority=\"64\" Name=\"Medium Shading 2 Accent 1\"/>\r\n  <w:LsdException Locked=\"false\" Priority=\"65\" Name=\"Medium List 1 Accent 1\"/>\r\n  <w:LsdException Locked=\"false\" SemiHidden=\"true\" Name=\"Revision\"/>\r\n  <w:LsdException Locked=\"false\" Priority=\"34\" QFormat=\"true\"\r\n   Name=\"List Paragraph\"/>\r\n  <w:LsdException Locked=\"false\" Priority=\"29\" QFormat=\"true\" Name=\"Quote\"/>\r\n  <w:LsdException Locked=\"false\" Priority=\"30\" QFormat=\"true\"\r\n   Name=\"Intense Quote\"/>\r\n  <w:LsdException Locked=\"false\" Priority=\"66\" Name=\"Medium List 2 Accent 1\"/>\r\n  <w:LsdException Locked=\"false\" Priority=\"67\" Name=\"Medium Grid 1 Accent 1\"/>\r\n  <w:LsdException Locked=\"false\" Priority=\"68\" Name=\"Medium Grid 2 Accent 1\"/>\r\n  <w:LsdException Locked=\"false\" Priority=\"69\" Name=\"Medium Grid 3 Accent 1\"/>\r\n  <w:LsdException Locked=\"false\" Priority=\"70\" Name=\"Dark List Accent 1\"/>\r\n  <w:LsdException Locked=\"false\" Priority=\"71\" Name=\"Colorful Shading Accent 1\"/>\r\n  <w:LsdException Locked=\"false\" Priority=\"72\" Name=\"Colorful List Accent 1\"/>\r\n  <w:LsdException Locked=\"false\" Priority=\"73\" Name=\"Colorful Grid Accent 1\"/>\r\n  <w:LsdException Locked=\"false\" Priority=\"60\" Name=\"Light Shading Accent 2\"/>\r\n  <w:LsdException Locked=\"false\" Priority=\"61\" Name=\"Light List Accent 2\"/>\r\n  <w:LsdException Locked=\"false\" Priority=\"62\" Name=\"Light Grid Accent 2\"/>\r\n  <w:LsdException Locked=\"false\" Priority=\"63\" Name=\"Medium Shading 1 Accent 2\"/>\r\n  <w:LsdException Locked=\"false\" Priority=\"64\" Name=\"Medium Shading 2 Accent 2\"/>\r\n  <w:LsdException Locked=\"false\" Priority=\"65\" Name=\"Medium List 1 Accent 2\"/>\r\n  <w:LsdException Locked=\"false\" Priority=\"66\" Name=\"Medium List 2 Accent 2\"/>\r\n  <w:LsdException Locked=\"false\" Priority=\"67\" Name=\"Medium Grid 1 Accent 2\"/>\r\n  <w:LsdException Locked=\"false\" Priority=\"68\" Name=\"Medium Grid 2 Accent 2\"/>\r\n  <w:LsdException Locked=\"false\" Priority=\"69\" Name=\"Medium Grid 3 Accent 2\"/>\r\n  <w:LsdException Locked=\"false\" Priority=\"70\" Name=\"Dark List Accent 2\"/>\r\n  <w:LsdException Locked=\"false\" Priority=\"71\" Name=\"Colorful Shading Accent 2\"/>\r\n  <w:LsdException Locked=\"false\" Priority=\"72\" Name=\"Colorful List Accent 2\"/>\r\n  <w:LsdException Locked=\"false\" Priority=\"73\" Name=\"Colorful Grid Accent 2\"/>\r\n  <w:LsdException Locked=\"false\" Priority=\"60\" Name=\"Light Shading Accent 3\"/>\r\n  <w:LsdException Locked=\"false\" Priority=\"61\" Name=\"Light List Accent 3\"/>\r\n  <w:LsdException Locked=\"false\" Priority=\"62\" Name=\"Light Grid Accent 3\"/>\r\n  <w:LsdException Locked=\"false\" Priority=\"63\" Name=\"Medium Shading 1 Accent 3\"/>\r\n  <w:LsdException Locked=\"false\" Priority=\"64\" Name=\"Medium Shading 2 Accent 3\"/>\r\n  <w:LsdException Locked=\"false\" Priority=\"65\" Name=\"Medium List 1 Accent 3\"/>\r\n  <w:LsdException Locked=\"false\" Priority=\"66\" Name=\"Medium List 2 Accent 3\"/>\r\n  <w:LsdException Locked=\"false\" Priority=\"67\" Name=\"Medium Grid 1 Accent 3\"/>\r\n  <w:LsdException Locked=\"false\" Priority=\"68\" Name=\"Medium Grid 2 Accent 3\"/>\r\n  <w:LsdException Locked=\"false\" Priority=\"69\" Name=\"Medium Grid 3 Accent 3\"/>\r\n  <w:LsdException Locked=\"false\" Priority=\"70\" Name=\"Dark List Accent 3\"/>\r\n  <w:LsdException Locked=\"false\" Priority=\"71\" Name=\"Colorful Shading Accent 3\"/>\r\n  <w:LsdException Locked=\"false\" Priority=\"72\" Name=\"Colorful List Accent 3\"/>\r\n  <w:LsdException Locked=\"false\" Priority=\"73\" Name=\"Colorful Grid Accent 3\"/>\r\n  <w:LsdException Locked=\"false\" Priority=\"60\" Name=\"Light Shading Accent 4\"/>\r\n  <w:LsdException Locked=\"false\" Priority=\"61\" Name=\"Light List Accent 4\"/>\r\n  <w:LsdException Locked=\"false\" Priority=\"62\" Name=\"Light Grid Accent 4\"/>\r\n  <w:LsdException Locked=\"false\" Priority=\"63\" Name=\"Medium Shading 1 Accent 4\"/>\r\n  <w:LsdException Locked=\"false\" Priority=\"64\" Name=\"Medium Shading 2 Accent 4\"/>\r\n  <w:LsdException Locked=\"false\" Priority=\"65\" Name=\"Medium List 1 Accent 4\"/>\r\n  <w:LsdException Locked=\"false\" Priority=\"66\" Name=\"Medium List 2 Accent 4\"/>\r\n  <w:LsdException Locked=\"false\" Priority=\"67\" Name=\"Medium Grid 1 Accent 4\"/>\r\n  <w:LsdException Locked=\"false\" Priority=\"68\" Name=\"Medium Grid 2 Accent 4\"/>\r\n  <w:LsdException Locked=\"false\" Priority=\"69\" Name=\"Medium Grid 3 Accent 4\"/>\r\n  <w:LsdException Locked=\"false\" Priority=\"70\" Name=\"Dark List Accent 4\"/>\r\n  <w:LsdException Locked=\"false\" Priority=\"71\" Name=\"Colorful Shading Accent 4\"/>\r\n  <w:LsdException Locked=\"false\" Priority=\"72\" Name=\"Colorful List Accent 4\"/>\r\n  <w:LsdException Locked=\"false\" Priority=\"73\" Name=\"Colorful Grid Accent 4\"/>\r\n  <w:LsdException Locked=\"false\" Priority=\"60\" Name=\"Light Shading Accent 5\"/>\r\n  <w:LsdException Locked=\"false\" Priority=\"61\" Name=\"Light List Accent 5\"/>\r\n  <w:LsdException Locked=\"false\" Priority=\"62\" Name=\"Light Grid Accent 5\"/>\r\n  <w:LsdException Locked=\"false\" Priority=\"63\" Name=\"Medium Shading 1 Accent 5\"/>\r\n  <w:LsdException Locked=\"false\" Priority=\"64\" Name=\"Medium Shading 2 Accent 5\"/>\r\n  <w:LsdException Locked=\"false\" Priority=\"65\" Name=\"Medium List 1 Accent 5\"/>\r\n  <w:LsdException Locked=\"false\" Priority=\"66\" Name=\"Medium List 2 Accent 5\"/>\r\n  <w:LsdException Locked=\"false\" Priority=\"67\" Name=\"Medium Grid 1 Accent 5\"/>\r\n  <w:LsdException Locked=\"false\" Priority=\"68\" Name=\"Medium Grid 2 Accent 5\"/>\r\n  <w:LsdException Locked=\"false\" Priority=\"69\" Name=\"Medium Grid 3 Accent 5\"/>\r\n  <w:LsdException Locked=\"false\" Priority=\"70\" Name=\"Dark List Accent 5\"/>\r\n  <w:LsdException Locked=\"false\" Priority=\"71\" Name=\"Colorful Shading Accent 5\"/>\r\n  <w:LsdException Locked=\"false\" Priority=\"72\" Name=\"Colorful List Accent 5\"/>\r\n  <w:LsdException Locked=\"false\" Priority=\"73\" Name=\"Colorful Grid Accent 5\"/>\r\n  <w:LsdException Locked=\"false\" Priority=\"60\" Name=\"Light Shading Accent 6\"/>\r\n  <w:LsdException Locked=\"false\" Priority=\"61\" Name=\"Light List Accent 6\"/>\r\n  <w:LsdException Locked=\"false\" Priority=\"62\" Name=\"Light Grid Accent 6\"/>\r\n  <w:LsdException Locked=\"false\" Priority=\"63\" Name=\"Medium Shading 1 Accent 6\"/>\r\n  <w:LsdException Locked=\"false\" Priority=\"64\" Name=\"Medium Shading 2 Accent 6\"/>\r\n  <w:LsdException Locked=\"false\" Priority=\"65\" Name=\"Medium List 1 Accent 6\"/>\r\n  <w:LsdException Locked=\"false\" Priority=\"66\" Name=\"Medium List 2 Accent 6\"/>\r\n  <w:LsdException Locked=\"false\" Priority=\"67\" Name=\"Medium Grid 1 Accent 6\"/>\r\n  <w:LsdException Locked=\"false\" Priority=\"68\" Name=\"Medium Grid 2 Accent 6\"/>\r\n  <w:LsdException Locked=\"false\" Priority=\"69\" Name=\"Medium Grid 3 Accent 6\"/>\r\n  <w:LsdException Locked=\"false\" Priority=\"70\" Name=\"Dark List Accent 6\"/>\r\n  <w:LsdException Locked=\"false\" Priority=\"71\" Name=\"Colorful Shading Accent 6\"/>\r\n  <w:LsdException Locked=\"false\" Priority=\"72\" Name=\"Colorful List Accent 6\"/>\r\n  <w:LsdException Locked=\"false\" Priority=\"73\" Name=\"Colorful Grid Accent 6\"/>\r\n  <w:LsdException Locked=\"false\" Priority=\"19\" QFormat=\"true\"\r\n   Name=\"Subtle Emphasis\"/>\r\n  <w:LsdException Locked=\"false\" Priority=\"21\" QFormat=\"true\"\r\n   Name=\"Intense Emphasis\"/>\r\n  <w:LsdException Locked=\"false\" Priority=\"31\" QFormat=\"true\"\r\n   Name=\"Subtle Reference\"/>\r\n  <w:LsdException Locked=\"false\" Priority=\"32\" QFormat=\"true\"\r\n   Name=\"Intense Reference\"/>\r\n  <w:LsdException Locked=\"false\" Priority=\"33\" QFormat=\"true\" Name=\"Book Title\"/>\r\n  <w:LsdException Locked=\"false\" Priority=\"37\" SemiHidden=\"true\"\r\n   UnhideWhenUsed=\"true\" Name=\"Bibliography\"/>\r\n  <w:LsdException Locked=\"false\" Priority=\"39\" SemiHidden=\"true\"\r\n   UnhideWhenUsed=\"true\" QFormat=\"true\" Name=\"TOC Heading\"/>\r\n  <w:LsdException Locked=\"false\" Priority=\"41\" Name=\"Plain Table 1\"/>\r\n  <w:LsdException Locked=\"false\" Priority=\"42\" Name=\"Plain Table 2\"/>\r\n  <w:LsdException Locked=\"false\" Priority=\"43\" Name=\"Plain Table 3\"/>\r\n  <w:LsdException Locked=\"false\" Priority=\"44\" Name=\"Plain Table 4\"/>\r\n  <w:LsdException Locked=\"false\" Priority=\"45\" Name=\"Plain Table 5\"/>\r\n  <w:LsdException Locked=\"false\" Priority=\"40\" Name=\"Grid Table Light\"/>\r\n  <w:LsdException Locked=\"false\" Priority=\"46\" Name=\"Grid Table 1 Light\"/>\r\n  <w:LsdException Locked=\"false\" Priority=\"47\" Name=\"Grid Table 2\"/>\r\n  <w:LsdException Locked=\"false\" Priority=\"48\" Name=\"Grid Table 3\"/>\r\n  <w:LsdException Locked=\"false\" Priority=\"49\" Name=\"Grid Table 4\"/>\r\n  <w:LsdException Locked=\"false\" Priority=\"50\" Name=\"Grid Table 5 Dark\"/>\r\n  <w:LsdException Locked=\"false\" Priority=\"51\" Name=\"Grid Table 6 Colorful\"/>\r\n  <w:LsdException Locked=\"false\" Priority=\"52\" Name=\"Grid Table 7 Colorful\"/>\r\n  <w:LsdException Locked=\"false\" Priority=\"46\"\r\n   Name=\"Grid Table 1 Light Accent 1\"/>\r\n  <w:LsdException Locked=\"false\" Priority=\"47\" Name=\"Grid Table 2 Accent 1\"/>\r\n  <w:LsdException Locked=\"false\" Priority=\"48\" Name=\"Grid Table 3 Accent 1\"/>\r\n  <w:LsdException Locked=\"false\" Priority=\"49\" Name=\"Grid Table 4 Accent 1\"/>\r\n  <w:LsdException Locked=\"false\" Priority=\"50\" Name=\"Grid Table 5 Dark Accent 1\"/>\r\n  <w:LsdException Locked=\"false\" Priority=\"51\"\r\n   Name=\"Grid Table 6 Colorful Accent 1\"/>\r\n  <w:LsdException Locked=\"false\" Priority=\"52\"\r\n   Name=\"Grid Table 7 Colorful Accent 1\"/>\r\n  <w:LsdException Locked=\"false\" Priority=\"46\"\r\n   Name=\"Grid Table 1 Light Accent 2\"/>\r\n  <w:LsdException Locked=\"false\" Priority=\"47\" Name=\"Grid Table 2 Accent 2\"/>\r\n  <w:LsdException Locked=\"false\" Priority=\"48\" Name=\"Grid Table 3 Accent 2\"/>\r\n  <w:LsdException Locked=\"false\" Priority=\"49\" Name=\"Grid Table 4 Accent 2\"/>\r\n  <w:LsdException Locked=\"false\" Priority=\"50\" Name=\"Grid Table 5 Dark Accent 2\"/>\r\n  <w:LsdException Locked=\"false\" Priority=\"51\"\r\n   Name=\"Grid Table 6 Colorful Accent 2\"/>\r\n  <w:LsdException Locked=\"false\" Priority=\"52\"\r\n   Name=\"Grid Table 7 Colorful Accent 2\"/>\r\n  <w:LsdException Locked=\"false\" Priority=\"46\"\r\n   Name=\"Grid Table 1 Light Accent 3\"/>\r\n  <w:LsdException Locked=\"false\" Priority=\"47\" Name=\"Grid Table 2 Accent 3\"/>\r\n  <w:LsdException Locked=\"false\" Priority=\"48\" Name=\"Grid Table 3 Accent 3\"/>\r\n  <w:LsdException Locked=\"false\" Priority=\"49\" Name=\"Grid Table 4 Accent 3\"/>\r\n  <w:LsdException Locked=\"false\" Priority=\"50\" Name=\"Grid Table 5 Dark Accent 3\"/>\r\n  <w:LsdException Locked=\"false\" Priority=\"51\"\r\n   Name=\"Grid Table 6 Colorful Accent 3\"/>\r\n  <w:LsdException Locked=\"false\" Priority=\"52\"\r\n   Name=\"Grid Table 7 Colorful Accent 3\"/>\r\n  <w:LsdException Locked=\"false\" Priority=\"46\"\r\n   Name=\"Grid Table 1 Light Accent 4\"/>\r\n  <w:LsdException Locked=\"false\" Priority=\"47\" Name=\"Grid Table 2 Accent 4\"/>\r\n  <w:LsdException Locked=\"false\" Priority=\"48\" Name=\"Grid Table 3 Accent 4\"/>\r\n  <w:LsdException Locked=\"false\" Priority=\"49\" Name=\"Grid Table 4 Accent 4\"/>\r\n  <w:LsdException Locked=\"false\" Priority=\"50\" Name=\"Grid Table 5 Dark Accent 4\"/>\r\n  <w:LsdException Locked=\"false\" Priority=\"51\"\r\n   Name=\"Grid Table 6 Colorful Accent 4\"/>\r\n  <w:LsdException Locked=\"false\" Priority=\"52\"\r\n   Name=\"Grid Table 7 Colorful Accent 4\"/>\r\n  <w:LsdException Locked=\"false\" Priority=\"46\"\r\n   Name=\"Grid Table 1 Light Accent 5\"/>\r\n  <w:LsdException Locked=\"false\" Priority=\"47\" Name=\"Grid Table 2 Accent 5\"/>\r\n  <w:LsdException Locked=\"false\" Priority=\"48\" Name=\"Grid Table 3 Accent 5\"/>\r\n  <w:LsdException Locked=\"false\" Priority=\"49\" Name=\"Grid Table 4 Accent 5\"/>\r\n  <w:LsdException Locked=\"false\" Priority=\"50\" Name=\"Grid Table 5 Dark Accent 5\"/>\r\n  <w:LsdException Locked=\"false\" Priority=\"51\"\r\n   Name=\"Grid Table 6 Colorful Accent 5\"/>\r\n  <w:LsdException Locked=\"false\" Priority=\"52\"\r\n   Name=\"Grid Table 7 Colorful Accent 5\"/>\r\n  <w:LsdException Locked=\"false\" Priority=\"46\"\r\n   Name=\"Grid Table 1 Light Accent 6\"/>\r\n  <w:LsdException Locked=\"false\" Priority=\"47\" Name=\"Grid Table 2 Accent 6\"/>\r\n  <w:LsdException Locked=\"false\" Priority=\"48\" Name=\"Grid Table 3 Accent 6\"/>\r\n  <w:LsdException Locked=\"false\" Priority=\"49\" Name=\"Grid Table 4 Accent 6\"/>\r\n  <w:LsdException Locked=\"false\" Priority=\"50\" Name=\"Grid Table 5 Dark Accent 6\"/>\r\n  <w:LsdException Locked=\"false\" Priority=\"51\"\r\n   Name=\"Grid Table 6 Colorful Accent 6\"/>\r\n  <w:LsdException Locked=\"false\" Priority=\"52\"\r\n   Name=\"Grid Table 7 Colorful Accent 6\"/>\r\n  <w:LsdException Locked=\"false\" Priority=\"46\" Name=\"List Table 1 Light\"/>\r\n  <w:LsdException Locked=\"false\" Priority=\"47\" Name=\"List Table 2\"/>\r\n  <w:LsdException Locked=\"false\" Priority=\"48\" Name=\"List Table 3\"/>\r\n  <w:LsdException Locked=\"false\" Priority=\"49\" Name=\"List Table 4\"/>\r\n  <w:LsdException Locked=\"false\" Priority=\"50\" Name=\"List Table 5 Dark\"/>\r\n  <w:LsdException Locked=\"false\" Priority=\"51\" Name=\"List Table 6 Colorful\"/>\r\n  <w:LsdException Locked=\"false\" Priority=\"52\" Name=\"List Table 7 Colorful\"/>\r\n  <w:LsdException Locked=\"false\" Priority=\"46\"\r\n   Name=\"List Table 1 Light Accent 1\"/>\r\n  <w:LsdException Locked=\"false\" Priority=\"47\" Name=\"List Table 2 Accent 1\"/>\r\n  <w:LsdException Locked=\"false\" Priority=\"48\" Name=\"List Table 3 Accent 1\"/>\r\n  <w:LsdException Locked=\"false\" Priority=\"49\" Name=\"List Table 4 Accent 1\"/>\r\n  <w:LsdException Locked=\"false\" Priority=\"50\" Name=\"List Table 5 Dark Accent 1\"/>\r\n  <w:LsdException Locked=\"false\" Priority=\"51\"\r\n   Name=\"List Table 6 Colorful Accent 1\"/>\r\n  <w:LsdException Locked=\"false\" Priority=\"52\"\r\n   Name=\"List Table 7 Colorful Accent 1\"/>\r\n  <w:LsdException Locked=\"false\" Priority=\"46\"\r\n   Name=\"List Table 1 Light Accent 2\"/>\r\n  <w:LsdException Locked=\"false\" Priority=\"47\" Name=\"List Table 2 Accent 2\"/>\r\n  <w:LsdException Locked=\"false\" Priority=\"48\" Name=\"List Table 3 Accent 2\"/>\r\n  <w:LsdException Locked=\"false\" Priority=\"49\" Name=\"List Table 4 Accent 2\"/>\r\n  <w:LsdException Locked=\"false\" Priority=\"50\" Name=\"List Table 5 Dark Accent 2\"/>\r\n  <w:LsdException Locked=\"false\" Priority=\"51\"\r\n   Name=\"List Table 6 Colorful Accent 2\"/>\r\n  <w:LsdException Locked=\"false\" Priority=\"52\"\r\n   Name=\"List Table 7 Colorful Accent 2\"/>\r\n  <w:LsdException Locked=\"false\" Priority=\"46\"\r\n   Name=\"List Table 1 Light Accent 3\"/>\r\n  <w:LsdException Locked=\"false\" Priority=\"47\" Name=\"List Table 2 Accent 3\"/>\r\n  <w:LsdException Locked=\"false\" Priority=\"48\" Name=\"List Table 3 Accent 3\"/>\r\n  <w:LsdException Locked=\"false\" Priority=\"49\" Name=\"List Table 4 Accent 3\"/>\r\n  <w:LsdException Locked=\"false\" Priority=\"50\" Name=\"List Table 5 Dark Accent 3\"/>\r\n  <w:LsdException Locked=\"false\" Priority=\"51\"\r\n   Name=\"List Table 6 Colorful Accent 3\"/>\r\n  <w:LsdException Locked=\"false\" Priority=\"52\"\r\n   Name=\"List Table 7 Colorful Accent 3\"/>\r\n  <w:LsdException Locked=\"false\" Priority=\"46\"\r\n   Name=\"List Table 1 Light Accent 4\"/>\r\n  <w:LsdException Locked=\"false\" Priority=\"47\" Name=\"List Table 2 Accent 4\"/>\r\n  <w:LsdException Locked=\"false\" Priority=\"48\" Name=\"List Table 3 Accent 4\"/>\r\n  <w:LsdException Locked=\"false\" Priority=\"49\" Name=\"List Table 4 Accent 4\"/>\r\n  <w:LsdException Locked=\"false\" Priority=\"50\" Name=\"List Table 5 Dark Accent 4\"/>\r\n  <w:LsdException Locked=\"false\" Priority=\"51\"\r\n   Name=\"List Table 6 Colorful Accent 4\"/>\r\n  <w:LsdException Locked=\"false\" Priority=\"52\"\r\n   Name=\"List Table 7 Colorful Accent 4\"/>\r\n  <w:LsdException Locked=\"false\" Priority=\"46\"\r\n   Name=\"List Table 1 Light Accent 5\"/>\r\n  <w:LsdException Locked=\"false\" Priority=\"47\" Name=\"List Table 2 Accent 5\"/>\r\n  <w:LsdException Locked=\"false\" Priority=\"48\" Name=\"List Table 3 Accent 5\"/>\r\n  <w:LsdException Locked=\"false\" Priority=\"49\" Name=\"List Table 4 Accent 5\"/>\r\n  <w:LsdException Locked=\"false\" Priority=\"50\" Name=\"List Table 5 Dark Accent 5\"/>\r\n  <w:LsdException Locked=\"false\" Priority=\"51\"\r\n   Name=\"List Table 6 Colorful Accent 5\"/>\r\n  <w:LsdException Locked=\"false\" Priority=\"52\"\r\n   Name=\"List Table 7 Colorful Accent 5\"/>\r\n  <w:LsdException Locked=\"false\" Priority=\"46\"\r\n   Name=\"List Table 1 Light Accent 6\"/>\r\n  <w:LsdException Locked=\"false\" Priority=\"47\" Name=\"List Table 2 Accent 6\"/>\r\n  <w:LsdException Locked=\"false\" Priority=\"48\" Name=\"List Table 3 Accent 6\"/>\r\n  <w:LsdException Locked=\"false\" Priority=\"49\" Name=\"List Table 4 Accent 6\"/>\r\n  <w:LsdException Locked=\"false\" Priority=\"50\" Name=\"List Table 5 Dark Accent 6\"/>\r\n  <w:LsdException Locked=\"false\" Priority=\"51\"\r\n   Name=\"List Table 6 Colorful Accent 6\"/>\r\n  <w:LsdException Locked=\"false\" Priority=\"52\"\r\n   Name=\"List Table 7 Colorful Accent 6\"/>\r\n </w:LatentStyles>\r\n</xml><![endif]--><!-- [if gte mso 10]>\r\n<style>\r\n /* Style Definitions */\r\n table.MsoNormalTable\r\n	{mso-style-name:\"Table Normal\";\r\n	mso-tstyle-rowband-size:0;\r\n	mso-tstyle-colband-size:0;\r\n	mso-style-noshow:yes;\r\n	mso-style-priority:99;\r\n	mso-style-parent:\"\";\r\n	mso-padding-alt:0in 5.4pt 0in 5.4pt;\r\n	mso-para-margin-top:0in;\r\n	mso-para-margin-right:0in;\r\n	mso-para-margin-bottom:10.0pt;\r\n	mso-para-margin-left:0in;\r\n	line-height:115%;\r\n	mso-pagination:widow-orphan;\r\n	font-size:11.0pt;\r\n	mso-bidi-font-size:14.0pt;\r\n	font-family:\"Calibri\",\"sans-serif\";\r\n	mso-ascii-font-family:Calibri;\r\n	mso-ascii-theme-font:minor-latin;\r\n	mso-hansi-font-family:Calibri;\r\n	mso-hansi-theme-font:minor-latin;\r\n	mso-bidi-font-family:Vrinda;\r\n	mso-bidi-theme-font:minor-bidi;\r\n	mso-bidi-language:BN;}\r\n</style>\r\n<![endif]--></p>\r\n<p class=\"MsoNormal\" style=\"mso-margin-top-alt: auto; mso-margin-bottom-alt: auto; line-height: normal;\"><span style=\"font-size: 12.0pt; font-family: \'Arial\',\'sans-serif\'; mso-fareast-font-family: \'Times New Roman\';\">The Bliss</span></p>\r\n<ul type=\"disc\">\r\n<li class=\"MsoNormal\" style=\"mso-margin-top-alt: auto; mso-margin-bottom-alt: auto; line-height: normal; mso-list: l2 level1 lfo1; tab-stops: list .5in;\"><span style=\"font-size: 12.0pt; font-family: \'Arial\',\'sans-serif\'; mso-fareast-font-family: \'Times New Roman\';\">Brown color</span></li>\r\n<li class=\"MsoNormal\" style=\"mso-margin-top-alt: auto; mso-margin-bottom-alt: auto; line-height: normal; mso-list: l2 level1 lfo1; tab-stops: list .5in;\"><span style=\"font-size: 12.0pt; font-family: \'Arial\',\'sans-serif\'; mso-fareast-font-family: \'Times New Roman\';\">Motion Set&nbsp;</span></li>\r\n<li class=\"MsoNormal\" style=\"mso-margin-top-alt: auto; mso-margin-bottom-alt: auto; line-height: normal; mso-list: l2 level1 lfo1; tab-stops: list .5in;\"><span style=\"font-size: 12.0pt; font-family: \'Arial\',\'sans-serif\'; mso-fareast-font-family: \'Times New Roman\';\">Steel frame</span></li>\r\n<li class=\"MsoNormal\" style=\"mso-margin-top-alt: auto; mso-margin-bottom-alt: auto; line-height: normal; mso-list: l2 level1 lfo1; tab-stops: list .5in;\"><span style=\"font-size: 12.0pt; font-family: \'Arial\',\'sans-serif\'; mso-fareast-font-family: \'Times New Roman\';\">Plush microfiber poly blend</span></li>\r\n<li class=\"MsoNormal\" style=\"mso-margin-top-alt: auto; mso-margin-bottom-alt: auto; line-height: normal; mso-list: l2 level1 lfo1; tab-stops: list .5in;\"><span style=\"font-size: 12.0pt; font-family: \'Arial\',\'sans-serif\'; mso-fareast-font-family: \'Times New Roman\';\">Cable mechanism</span></li>\r\n</ul>\r\n<p class=\"MsoNormal\" style=\"mso-margin-top-alt: auto; mso-margin-bottom-alt: auto; line-height: normal;\"><span style=\"font-size: 12.0pt; font-family: \'Arial\',\'sans-serif\'; mso-fareast-font-family: \'Times New Roman\';\"><strong>Dimensions</strong>:</span></p>\r\n<ul type=\"disc\">\r\n<li class=\"MsoNormal\" style=\"mso-margin-top-alt: auto; mso-margin-bottom-alt: auto; line-height: normal; mso-list: l0 level1 lfo2; tab-stops: list .5in;\"><span style=\"font-size: 12.0pt; font-family: \'Arial\',\'sans-serif\'; mso-fareast-font-family: \'Times New Roman\';\">Sofa: 84x37x38</span></li>\r\n<li class=\"MsoNormal\" style=\"mso-margin-top-alt: auto; mso-margin-bottom-alt: auto; line-height: normal; mso-list: l0 level1 lfo2; tab-stops: list .5in;\"><span style=\"font-size: 12.0pt; font-family: \'Arial\',\'sans-serif\'; mso-fareast-font-family: \'Times New Roman\';\">Love: 63x37x38</span></li>\r\n<li class=\"MsoNormal\" style=\"mso-margin-top-alt: auto; mso-margin-bottom-alt: auto; line-height: normal; mso-list: l0 level1 lfo2; tab-stops: list .5in;\"><span style=\"font-size: 12.0pt; font-family: \'Arial\',\'sans-serif\'; mso-fareast-font-family: \'Times New Roman\';\">Recliner: 39x37x38</span></li>\r\n</ul>\r\n<p class=\"MsoNormal\" style=\"mso-margin-top-alt: auto; mso-margin-bottom-alt: auto; line-height: normal;\"><span style=\"font-size: 12.0pt; font-family: \'Arial\',\'sans-serif\'; mso-fareast-font-family: \'Times New Roman\';\"><strong>Weights</strong>:</span></p>\r\n<ul type=\"disc\">\r\n<li class=\"MsoNormal\" style=\"mso-margin-top-alt: auto; mso-margin-bottom-alt: auto; line-height: normal; mso-list: l1 level1 lfo3; tab-stops: list .5in;\"><span style=\"font-size: 12.0pt; font-family: \'Arial\',\'sans-serif\'; mso-fareast-font-family: \'Times New Roman\';\">Sofa: 181 lbs</span></li>\r\n<li class=\"MsoNormal\" style=\"mso-margin-top-alt: auto; mso-margin-bottom-alt: auto; line-height: normal; mso-list: l1 level1 lfo3; tab-stops: list .5in;\"><span style=\"font-size: 12.0pt; font-family: \'Arial\',\'sans-serif\'; mso-fareast-font-family: \'Times New Roman\';\">Love: 131 lbs</span></li>\r\n<li class=\"MsoNormal\" style=\"mso-margin-top-alt: auto; mso-margin-bottom-alt: auto; line-height: normal; mso-list: l1 level1 lfo3; tab-stops: list .5in;\"><span style=\"font-size: 12.0pt; font-family: \'Arial\',\'sans-serif\'; mso-fareast-font-family: \'Times New Roman\';\">Recliner: 80 lbs</span></li>\r\n</ul>\r\n<p class=\"MsoNormal\">&nbsp;</p>', 'Sofa', 'Brown', 10, '2018-11-29 06:30:11', '2018-11-29 06:30:11', 'products\\November2018\\iADRbqntHeYg8bxsmOpF.jpg', 'products\\November2018\\85CrNbNeIo4rx9srBfEa.jpg', 'products\\November2018\\oSV3jfhXk5lrjdAnvg2N.jpg', NULL, NULL, 1, 3, NULL, NULL);
INSERT INTO `products` (`id`, `name`, `slug`, `details`, `present_price`, `discount_price`, `description`, `feature_name`, `feature_color`, `category_id`, `created_at`, `updated_at`, `product_image`, `gallery_image1`, `gallery_image2`, `gallery_image3`, `gallery_image4`, `stock`, `percentige`, `badge`, `weekly`) VALUES
(10, 'Cayman black', 'cayman-black', 'This Cayman is covered in a black air leather.', '1120', '1000', '<p><!-- [if gte mso 9]><xml>\r\n <w:WordDocument>\r\n  <w:View>Normal</w:View>\r\n  <w:Zoom>0</w:Zoom>\r\n  <w:TrackMoves/>\r\n  <w:TrackFormatting/>\r\n  <w:PunctuationKerning/>\r\n  <w:ValidateAgainstSchemas/>\r\n  <w:SaveIfXMLInvalid>false</w:SaveIfXMLInvalid>\r\n  <w:IgnoreMixedContent>false</w:IgnoreMixedContent>\r\n  <w:AlwaysShowPlaceholderText>false</w:AlwaysShowPlaceholderText>\r\n  <w:DoNotPromoteQF/>\r\n  <w:LidThemeOther>EN-US</w:LidThemeOther>\r\n  <w:LidThemeAsian>X-NONE</w:LidThemeAsian>\r\n  <w:LidThemeComplexScript>BN</w:LidThemeComplexScript>\r\n  <w:Compatibility>\r\n   <w:BreakWrappedTables/>\r\n   <w:SnapToGridInCell/>\r\n   <w:WrapTextWithPunct/>\r\n   <w:UseAsianBreakRules/>\r\n   <w:DontGrowAutofit/>\r\n   <w:SplitPgBreakAndParaMark/>\r\n   <w:EnableOpenTypeKerning/>\r\n   <w:DontFlipMirrorIndents/>\r\n   <w:OverrideTableStyleHps/>\r\n   <w:UseFELayout/>\r\n  </w:Compatibility>\r\n  <m:mathPr>\r\n   <m:mathFont m:val=\"Cambria Math\"/>\r\n   <m:brkBin m:val=\"before\"/>\r\n   <m:brkBinSub m:val=\"&#45;-\"/>\r\n   <m:smallFrac m:val=\"off\"/>\r\n   <m:dispDef/>\r\n   <m:lMargin m:val=\"0\"/>\r\n   <m:rMargin m:val=\"0\"/>\r\n   <m:defJc m:val=\"centerGroup\"/>\r\n   <m:wrapIndent m:val=\"1440\"/>\r\n   <m:intLim m:val=\"subSup\"/>\r\n   <m:naryLim m:val=\"undOvr\"/>\r\n  </m:mathPr></w:WordDocument>\r\n</xml><![endif]--><!-- [if gte mso 9]><xml>\r\n <w:LatentStyles DefLockedState=\"false\" DefUnhideWhenUsed=\"false\"\r\n  DefSemiHidden=\"false\" DefQFormat=\"false\" DefPriority=\"99\"\r\n  LatentStyleCount=\"371\">\r\n  <w:LsdException Locked=\"false\" Priority=\"0\" QFormat=\"true\" Name=\"Normal\"/>\r\n  <w:LsdException Locked=\"false\" Priority=\"9\" QFormat=\"true\" Name=\"heading 1\"/>\r\n  <w:LsdException Locked=\"false\" Priority=\"9\" SemiHidden=\"true\"\r\n   UnhideWhenUsed=\"true\" QFormat=\"true\" Name=\"heading 2\"/>\r\n  <w:LsdException Locked=\"false\" Priority=\"9\" SemiHidden=\"true\"\r\n   UnhideWhenUsed=\"true\" QFormat=\"true\" Name=\"heading 3\"/>\r\n  <w:LsdException Locked=\"false\" Priority=\"9\" SemiHidden=\"true\"\r\n   UnhideWhenUsed=\"true\" QFormat=\"true\" Name=\"heading 4\"/>\r\n  <w:LsdException Locked=\"false\" Priority=\"9\" SemiHidden=\"true\"\r\n   UnhideWhenUsed=\"true\" QFormat=\"true\" Name=\"heading 5\"/>\r\n  <w:LsdException Locked=\"false\" Priority=\"9\" SemiHidden=\"true\"\r\n   UnhideWhenUsed=\"true\" QFormat=\"true\" Name=\"heading 6\"/>\r\n  <w:LsdException Locked=\"false\" Priority=\"9\" SemiHidden=\"true\"\r\n   UnhideWhenUsed=\"true\" QFormat=\"true\" Name=\"heading 7\"/>\r\n  <w:LsdException Locked=\"false\" Priority=\"9\" SemiHidden=\"true\"\r\n   UnhideWhenUsed=\"true\" QFormat=\"true\" Name=\"heading 8\"/>\r\n  <w:LsdException Locked=\"false\" Priority=\"9\" SemiHidden=\"true\"\r\n   UnhideWhenUsed=\"true\" QFormat=\"true\" Name=\"heading 9\"/>\r\n  <w:LsdException Locked=\"false\" SemiHidden=\"true\" UnhideWhenUsed=\"true\"\r\n   Name=\"index 1\"/>\r\n  <w:LsdException Locked=\"false\" SemiHidden=\"true\" UnhideWhenUsed=\"true\"\r\n   Name=\"index 2\"/>\r\n  <w:LsdException Locked=\"false\" SemiHidden=\"true\" UnhideWhenUsed=\"true\"\r\n   Name=\"index 3\"/>\r\n  <w:LsdException Locked=\"false\" SemiHidden=\"true\" UnhideWhenUsed=\"true\"\r\n   Name=\"index 4\"/>\r\n  <w:LsdException Locked=\"false\" SemiHidden=\"true\" UnhideWhenUsed=\"true\"\r\n   Name=\"index 5\"/>\r\n  <w:LsdException Locked=\"false\" SemiHidden=\"true\" UnhideWhenUsed=\"true\"\r\n   Name=\"index 6\"/>\r\n  <w:LsdException Locked=\"false\" SemiHidden=\"true\" UnhideWhenUsed=\"true\"\r\n   Name=\"index 7\"/>\r\n  <w:LsdException Locked=\"false\" SemiHidden=\"true\" UnhideWhenUsed=\"true\"\r\n   Name=\"index 8\"/>\r\n  <w:LsdException Locked=\"false\" SemiHidden=\"true\" UnhideWhenUsed=\"true\"\r\n   Name=\"index 9\"/>\r\n  <w:LsdException Locked=\"false\" Priority=\"39\" SemiHidden=\"true\"\r\n   UnhideWhenUsed=\"true\" Name=\"toc 1\"/>\r\n  <w:LsdException Locked=\"false\" Priority=\"39\" SemiHidden=\"true\"\r\n   UnhideWhenUsed=\"true\" Name=\"toc 2\"/>\r\n  <w:LsdException Locked=\"false\" Priority=\"39\" SemiHidden=\"true\"\r\n   UnhideWhenUsed=\"true\" Name=\"toc 3\"/>\r\n  <w:LsdException Locked=\"false\" Priority=\"39\" SemiHidden=\"true\"\r\n   UnhideWhenUsed=\"true\" Name=\"toc 4\"/>\r\n  <w:LsdException Locked=\"false\" Priority=\"39\" SemiHidden=\"true\"\r\n   UnhideWhenUsed=\"true\" Name=\"toc 5\"/>\r\n  <w:LsdException Locked=\"false\" Priority=\"39\" SemiHidden=\"true\"\r\n   UnhideWhenUsed=\"true\" Name=\"toc 6\"/>\r\n  <w:LsdException Locked=\"false\" Priority=\"39\" SemiHidden=\"true\"\r\n   UnhideWhenUsed=\"true\" Name=\"toc 7\"/>\r\n  <w:LsdException Locked=\"false\" Priority=\"39\" SemiHidden=\"true\"\r\n   UnhideWhenUsed=\"true\" Name=\"toc 8\"/>\r\n  <w:LsdException Locked=\"false\" Priority=\"39\" SemiHidden=\"true\"\r\n   UnhideWhenUsed=\"true\" Name=\"toc 9\"/>\r\n  <w:LsdException Locked=\"false\" SemiHidden=\"true\" UnhideWhenUsed=\"true\"\r\n   Name=\"Normal Indent\"/>\r\n  <w:LsdException Locked=\"false\" SemiHidden=\"true\" UnhideWhenUsed=\"true\"\r\n   Name=\"footnote text\"/>\r\n  <w:LsdException Locked=\"false\" SemiHidden=\"true\" UnhideWhenUsed=\"true\"\r\n   Name=\"annotation text\"/>\r\n  <w:LsdException Locked=\"false\" SemiHidden=\"true\" UnhideWhenUsed=\"true\"\r\n   Name=\"header\"/>\r\n  <w:LsdException Locked=\"false\" SemiHidden=\"true\" UnhideWhenUsed=\"true\"\r\n   Name=\"footer\"/>\r\n  <w:LsdException Locked=\"false\" SemiHidden=\"true\" UnhideWhenUsed=\"true\"\r\n   Name=\"index heading\"/>\r\n  <w:LsdException Locked=\"false\" Priority=\"35\" SemiHidden=\"true\"\r\n   UnhideWhenUsed=\"true\" QFormat=\"true\" Name=\"caption\"/>\r\n  <w:LsdException Locked=\"false\" SemiHidden=\"true\" UnhideWhenUsed=\"true\"\r\n   Name=\"table of figures\"/>\r\n  <w:LsdException Locked=\"false\" SemiHidden=\"true\" UnhideWhenUsed=\"true\"\r\n   Name=\"envelope address\"/>\r\n  <w:LsdException Locked=\"false\" SemiHidden=\"true\" UnhideWhenUsed=\"true\"\r\n   Name=\"envelope return\"/>\r\n  <w:LsdException Locked=\"false\" SemiHidden=\"true\" UnhideWhenUsed=\"true\"\r\n   Name=\"footnote reference\"/>\r\n  <w:LsdException Locked=\"false\" SemiHidden=\"true\" UnhideWhenUsed=\"true\"\r\n   Name=\"annotation reference\"/>\r\n  <w:LsdException Locked=\"false\" SemiHidden=\"true\" UnhideWhenUsed=\"true\"\r\n   Name=\"line number\"/>\r\n  <w:LsdException Locked=\"false\" SemiHidden=\"true\" UnhideWhenUsed=\"true\"\r\n   Name=\"page number\"/>\r\n  <w:LsdException Locked=\"false\" SemiHidden=\"true\" UnhideWhenUsed=\"true\"\r\n   Name=\"endnote reference\"/>\r\n  <w:LsdException Locked=\"false\" SemiHidden=\"true\" UnhideWhenUsed=\"true\"\r\n   Name=\"endnote text\"/>\r\n  <w:LsdException Locked=\"false\" SemiHidden=\"true\" UnhideWhenUsed=\"true\"\r\n   Name=\"table of authorities\"/>\r\n  <w:LsdException Locked=\"false\" SemiHidden=\"true\" UnhideWhenUsed=\"true\"\r\n   Name=\"macro\"/>\r\n  <w:LsdException Locked=\"false\" SemiHidden=\"true\" UnhideWhenUsed=\"true\"\r\n   Name=\"toa heading\"/>\r\n  <w:LsdException Locked=\"false\" SemiHidden=\"true\" UnhideWhenUsed=\"true\"\r\n   Name=\"List\"/>\r\n  <w:LsdException Locked=\"false\" SemiHidden=\"true\" UnhideWhenUsed=\"true\"\r\n   Name=\"List Bullet\"/>\r\n  <w:LsdException Locked=\"false\" SemiHidden=\"true\" UnhideWhenUsed=\"true\"\r\n   Name=\"List Number\"/>\r\n  <w:LsdException Locked=\"false\" SemiHidden=\"true\" UnhideWhenUsed=\"true\"\r\n   Name=\"List 2\"/>\r\n  <w:LsdException Locked=\"false\" SemiHidden=\"true\" UnhideWhenUsed=\"true\"\r\n   Name=\"List 3\"/>\r\n  <w:LsdException Locked=\"false\" SemiHidden=\"true\" UnhideWhenUsed=\"true\"\r\n   Name=\"List 4\"/>\r\n  <w:LsdException Locked=\"false\" SemiHidden=\"true\" UnhideWhenUsed=\"true\"\r\n   Name=\"List 5\"/>\r\n  <w:LsdException Locked=\"false\" SemiHidden=\"true\" UnhideWhenUsed=\"true\"\r\n   Name=\"List Bullet 2\"/>\r\n  <w:LsdException Locked=\"false\" SemiHidden=\"true\" UnhideWhenUsed=\"true\"\r\n   Name=\"List Bullet 3\"/>\r\n  <w:LsdException Locked=\"false\" SemiHidden=\"true\" UnhideWhenUsed=\"true\"\r\n   Name=\"List Bullet 4\"/>\r\n  <w:LsdException Locked=\"false\" SemiHidden=\"true\" UnhideWhenUsed=\"true\"\r\n   Name=\"List Bullet 5\"/>\r\n  <w:LsdException Locked=\"false\" SemiHidden=\"true\" UnhideWhenUsed=\"true\"\r\n   Name=\"List Number 2\"/>\r\n  <w:LsdException Locked=\"false\" SemiHidden=\"true\" UnhideWhenUsed=\"true\"\r\n   Name=\"List Number 3\"/>\r\n  <w:LsdException Locked=\"false\" SemiHidden=\"true\" UnhideWhenUsed=\"true\"\r\n   Name=\"List Number 4\"/>\r\n  <w:LsdException Locked=\"false\" SemiHidden=\"true\" UnhideWhenUsed=\"true\"\r\n   Name=\"List Number 5\"/>\r\n  <w:LsdException Locked=\"false\" Priority=\"10\" QFormat=\"true\" Name=\"Title\"/>\r\n  <w:LsdException Locked=\"false\" SemiHidden=\"true\" UnhideWhenUsed=\"true\"\r\n   Name=\"Closing\"/>\r\n  <w:LsdException Locked=\"false\" SemiHidden=\"true\" UnhideWhenUsed=\"true\"\r\n   Name=\"Signature\"/>\r\n  <w:LsdException Locked=\"false\" Priority=\"1\" SemiHidden=\"true\"\r\n   UnhideWhenUsed=\"true\" Name=\"Default Paragraph Font\"/>\r\n  <w:LsdException Locked=\"false\" SemiHidden=\"true\" UnhideWhenUsed=\"true\"\r\n   Name=\"Body Text\"/>\r\n  <w:LsdException Locked=\"false\" SemiHidden=\"true\" UnhideWhenUsed=\"true\"\r\n   Name=\"Body Text Indent\"/>\r\n  <w:LsdException Locked=\"false\" SemiHidden=\"true\" UnhideWhenUsed=\"true\"\r\n   Name=\"List Continue\"/>\r\n  <w:LsdException Locked=\"false\" SemiHidden=\"true\" UnhideWhenUsed=\"true\"\r\n   Name=\"List Continue 2\"/>\r\n  <w:LsdException Locked=\"false\" SemiHidden=\"true\" UnhideWhenUsed=\"true\"\r\n   Name=\"List Continue 3\"/>\r\n  <w:LsdException Locked=\"false\" SemiHidden=\"true\" UnhideWhenUsed=\"true\"\r\n   Name=\"List Continue 4\"/>\r\n  <w:LsdException Locked=\"false\" SemiHidden=\"true\" UnhideWhenUsed=\"true\"\r\n   Name=\"List Continue 5\"/>\r\n  <w:LsdException Locked=\"false\" SemiHidden=\"true\" UnhideWhenUsed=\"true\"\r\n   Name=\"Message Header\"/>\r\n  <w:LsdException Locked=\"false\" Priority=\"11\" QFormat=\"true\" Name=\"Subtitle\"/>\r\n  <w:LsdException Locked=\"false\" SemiHidden=\"true\" UnhideWhenUsed=\"true\"\r\n   Name=\"Salutation\"/>\r\n  <w:LsdException Locked=\"false\" SemiHidden=\"true\" UnhideWhenUsed=\"true\"\r\n   Name=\"Date\"/>\r\n  <w:LsdException Locked=\"false\" SemiHidden=\"true\" UnhideWhenUsed=\"true\"\r\n   Name=\"Body Text First Indent\"/>\r\n  <w:LsdException Locked=\"false\" SemiHidden=\"true\" UnhideWhenUsed=\"true\"\r\n   Name=\"Body Text First Indent 2\"/>\r\n  <w:LsdException Locked=\"false\" SemiHidden=\"true\" UnhideWhenUsed=\"true\"\r\n   Name=\"Note Heading\"/>\r\n  <w:LsdException Locked=\"false\" SemiHidden=\"true\" UnhideWhenUsed=\"true\"\r\n   Name=\"Body Text 2\"/>\r\n  <w:LsdException Locked=\"false\" SemiHidden=\"true\" UnhideWhenUsed=\"true\"\r\n   Name=\"Body Text 3\"/>\r\n  <w:LsdException Locked=\"false\" SemiHidden=\"true\" UnhideWhenUsed=\"true\"\r\n   Name=\"Body Text Indent 2\"/>\r\n  <w:LsdException Locked=\"false\" SemiHidden=\"true\" UnhideWhenUsed=\"true\"\r\n   Name=\"Body Text Indent 3\"/>\r\n  <w:LsdException Locked=\"false\" SemiHidden=\"true\" UnhideWhenUsed=\"true\"\r\n   Name=\"Block Text\"/>\r\n  <w:LsdException Locked=\"false\" SemiHidden=\"true\" UnhideWhenUsed=\"true\"\r\n   Name=\"Hyperlink\"/>\r\n  <w:LsdException Locked=\"false\" SemiHidden=\"true\" UnhideWhenUsed=\"true\"\r\n   Name=\"FollowedHyperlink\"/>\r\n  <w:LsdException Locked=\"false\" Priority=\"22\" QFormat=\"true\" Name=\"Strong\"/>\r\n  <w:LsdException Locked=\"false\" Priority=\"20\" QFormat=\"true\" Name=\"Emphasis\"/>\r\n  <w:LsdException Locked=\"false\" SemiHidden=\"true\" UnhideWhenUsed=\"true\"\r\n   Name=\"Document Map\"/>\r\n  <w:LsdException Locked=\"false\" SemiHidden=\"true\" UnhideWhenUsed=\"true\"\r\n   Name=\"Plain Text\"/>\r\n  <w:LsdException Locked=\"false\" SemiHidden=\"true\" UnhideWhenUsed=\"true\"\r\n   Name=\"E-mail Signature\"/>\r\n  <w:LsdException Locked=\"false\" SemiHidden=\"true\" UnhideWhenUsed=\"true\"\r\n   Name=\"HTML Top of Form\"/>\r\n  <w:LsdException Locked=\"false\" SemiHidden=\"true\" UnhideWhenUsed=\"true\"\r\n   Name=\"HTML Bottom of Form\"/>\r\n  <w:LsdException Locked=\"false\" SemiHidden=\"true\" UnhideWhenUsed=\"true\"\r\n   Name=\"Normal (Web)\"/>\r\n  <w:LsdException Locked=\"false\" SemiHidden=\"true\" UnhideWhenUsed=\"true\"\r\n   Name=\"HTML Acronym\"/>\r\n  <w:LsdException Locked=\"false\" SemiHidden=\"true\" UnhideWhenUsed=\"true\"\r\n   Name=\"HTML Address\"/>\r\n  <w:LsdException Locked=\"false\" SemiHidden=\"true\" UnhideWhenUsed=\"true\"\r\n   Name=\"HTML Cite\"/>\r\n  <w:LsdException Locked=\"false\" SemiHidden=\"true\" UnhideWhenUsed=\"true\"\r\n   Name=\"HTML Code\"/>\r\n  <w:LsdException Locked=\"false\" SemiHidden=\"true\" UnhideWhenUsed=\"true\"\r\n   Name=\"HTML Definition\"/>\r\n  <w:LsdException Locked=\"false\" SemiHidden=\"true\" UnhideWhenUsed=\"true\"\r\n   Name=\"HTML Keyboard\"/>\r\n  <w:LsdException Locked=\"false\" SemiHidden=\"true\" UnhideWhenUsed=\"true\"\r\n   Name=\"HTML Preformatted\"/>\r\n  <w:LsdException Locked=\"false\" SemiHidden=\"true\" UnhideWhenUsed=\"true\"\r\n   Name=\"HTML Sample\"/>\r\n  <w:LsdException Locked=\"false\" SemiHidden=\"true\" UnhideWhenUsed=\"true\"\r\n   Name=\"HTML Typewriter\"/>\r\n  <w:LsdException Locked=\"false\" SemiHidden=\"true\" UnhideWhenUsed=\"true\"\r\n   Name=\"HTML Variable\"/>\r\n  <w:LsdException Locked=\"false\" SemiHidden=\"true\" UnhideWhenUsed=\"true\"\r\n   Name=\"Normal Table\"/>\r\n  <w:LsdException Locked=\"false\" SemiHidden=\"true\" UnhideWhenUsed=\"true\"\r\n   Name=\"annotation subject\"/>\r\n  <w:LsdException Locked=\"false\" SemiHidden=\"true\" UnhideWhenUsed=\"true\"\r\n   Name=\"No List\"/>\r\n  <w:LsdException Locked=\"false\" SemiHidden=\"true\" UnhideWhenUsed=\"true\"\r\n   Name=\"Outline List 1\"/>\r\n  <w:LsdException Locked=\"false\" SemiHidden=\"true\" UnhideWhenUsed=\"true\"\r\n   Name=\"Outline List 2\"/>\r\n  <w:LsdException Locked=\"false\" SemiHidden=\"true\" UnhideWhenUsed=\"true\"\r\n   Name=\"Outline List 3\"/>\r\n  <w:LsdException Locked=\"false\" SemiHidden=\"true\" UnhideWhenUsed=\"true\"\r\n   Name=\"Table Simple 1\"/>\r\n  <w:LsdException Locked=\"false\" SemiHidden=\"true\" UnhideWhenUsed=\"true\"\r\n   Name=\"Table Simple 2\"/>\r\n  <w:LsdException Locked=\"false\" SemiHidden=\"true\" UnhideWhenUsed=\"true\"\r\n   Name=\"Table Simple 3\"/>\r\n  <w:LsdException Locked=\"false\" SemiHidden=\"true\" UnhideWhenUsed=\"true\"\r\n   Name=\"Table Classic 1\"/>\r\n  <w:LsdException Locked=\"false\" SemiHidden=\"true\" UnhideWhenUsed=\"true\"\r\n   Name=\"Table Classic 2\"/>\r\n  <w:LsdException Locked=\"false\" SemiHidden=\"true\" UnhideWhenUsed=\"true\"\r\n   Name=\"Table Classic 3\"/>\r\n  <w:LsdException Locked=\"false\" SemiHidden=\"true\" UnhideWhenUsed=\"true\"\r\n   Name=\"Table Classic 4\"/>\r\n  <w:LsdException Locked=\"false\" SemiHidden=\"true\" UnhideWhenUsed=\"true\"\r\n   Name=\"Table Colorful 1\"/>\r\n  <w:LsdException Locked=\"false\" SemiHidden=\"true\" UnhideWhenUsed=\"true\"\r\n   Name=\"Table Colorful 2\"/>\r\n  <w:LsdException Locked=\"false\" SemiHidden=\"true\" UnhideWhenUsed=\"true\"\r\n   Name=\"Table Colorful 3\"/>\r\n  <w:LsdException Locked=\"false\" SemiHidden=\"true\" UnhideWhenUsed=\"true\"\r\n   Name=\"Table Columns 1\"/>\r\n  <w:LsdException Locked=\"false\" SemiHidden=\"true\" UnhideWhenUsed=\"true\"\r\n   Name=\"Table Columns 2\"/>\r\n  <w:LsdException Locked=\"false\" SemiHidden=\"true\" UnhideWhenUsed=\"true\"\r\n   Name=\"Table Columns 3\"/>\r\n  <w:LsdException Locked=\"false\" SemiHidden=\"true\" UnhideWhenUsed=\"true\"\r\n   Name=\"Table Columns 4\"/>\r\n  <w:LsdException Locked=\"false\" SemiHidden=\"true\" UnhideWhenUsed=\"true\"\r\n   Name=\"Table Columns 5\"/>\r\n  <w:LsdException Locked=\"false\" SemiHidden=\"true\" UnhideWhenUsed=\"true\"\r\n   Name=\"Table Grid 1\"/>\r\n  <w:LsdException Locked=\"false\" SemiHidden=\"true\" UnhideWhenUsed=\"true\"\r\n   Name=\"Table Grid 2\"/>\r\n  <w:LsdException Locked=\"false\" SemiHidden=\"true\" UnhideWhenUsed=\"true\"\r\n   Name=\"Table Grid 3\"/>\r\n  <w:LsdException Locked=\"false\" SemiHidden=\"true\" UnhideWhenUsed=\"true\"\r\n   Name=\"Table Grid 4\"/>\r\n  <w:LsdException Locked=\"false\" SemiHidden=\"true\" UnhideWhenUsed=\"true\"\r\n   Name=\"Table Grid 5\"/>\r\n  <w:LsdException Locked=\"false\" SemiHidden=\"true\" UnhideWhenUsed=\"true\"\r\n   Name=\"Table Grid 6\"/>\r\n  <w:LsdException Locked=\"false\" SemiHidden=\"true\" UnhideWhenUsed=\"true\"\r\n   Name=\"Table Grid 7\"/>\r\n  <w:LsdException Locked=\"false\" SemiHidden=\"true\" UnhideWhenUsed=\"true\"\r\n   Name=\"Table Grid 8\"/>\r\n  <w:LsdException Locked=\"false\" SemiHidden=\"true\" UnhideWhenUsed=\"true\"\r\n   Name=\"Table List 1\"/>\r\n  <w:LsdException Locked=\"false\" SemiHidden=\"true\" UnhideWhenUsed=\"true\"\r\n   Name=\"Table List 2\"/>\r\n  <w:LsdException Locked=\"false\" SemiHidden=\"true\" UnhideWhenUsed=\"true\"\r\n   Name=\"Table List 3\"/>\r\n  <w:LsdException Locked=\"false\" SemiHidden=\"true\" UnhideWhenUsed=\"true\"\r\n   Name=\"Table List 4\"/>\r\n  <w:LsdException Locked=\"false\" SemiHidden=\"true\" UnhideWhenUsed=\"true\"\r\n   Name=\"Table List 5\"/>\r\n  <w:LsdException Locked=\"false\" SemiHidden=\"true\" UnhideWhenUsed=\"true\"\r\n   Name=\"Table List 6\"/>\r\n  <w:LsdException Locked=\"false\" SemiHidden=\"true\" UnhideWhenUsed=\"true\"\r\n   Name=\"Table List 7\"/>\r\n  <w:LsdException Locked=\"false\" SemiHidden=\"true\" UnhideWhenUsed=\"true\"\r\n   Name=\"Table List 8\"/>\r\n  <w:LsdException Locked=\"false\" SemiHidden=\"true\" UnhideWhenUsed=\"true\"\r\n   Name=\"Table 3D effects 1\"/>\r\n  <w:LsdException Locked=\"false\" SemiHidden=\"true\" UnhideWhenUsed=\"true\"\r\n   Name=\"Table 3D effects 2\"/>\r\n  <w:LsdException Locked=\"false\" SemiHidden=\"true\" UnhideWhenUsed=\"true\"\r\n   Name=\"Table 3D effects 3\"/>\r\n  <w:LsdException Locked=\"false\" SemiHidden=\"true\" UnhideWhenUsed=\"true\"\r\n   Name=\"Table Contemporary\"/>\r\n  <w:LsdException Locked=\"false\" SemiHidden=\"true\" UnhideWhenUsed=\"true\"\r\n   Name=\"Table Elegant\"/>\r\n  <w:LsdException Locked=\"false\" SemiHidden=\"true\" UnhideWhenUsed=\"true\"\r\n   Name=\"Table Professional\"/>\r\n  <w:LsdException Locked=\"false\" SemiHidden=\"true\" UnhideWhenUsed=\"true\"\r\n   Name=\"Table Subtle 1\"/>\r\n  <w:LsdException Locked=\"false\" SemiHidden=\"true\" UnhideWhenUsed=\"true\"\r\n   Name=\"Table Subtle 2\"/>\r\n  <w:LsdException Locked=\"false\" SemiHidden=\"true\" UnhideWhenUsed=\"true\"\r\n   Name=\"Table Web 1\"/>\r\n  <w:LsdException Locked=\"false\" SemiHidden=\"true\" UnhideWhenUsed=\"true\"\r\n   Name=\"Table Web 2\"/>\r\n  <w:LsdException Locked=\"false\" SemiHidden=\"true\" UnhideWhenUsed=\"true\"\r\n   Name=\"Table Web 3\"/>\r\n  <w:LsdException Locked=\"false\" SemiHidden=\"true\" UnhideWhenUsed=\"true\"\r\n   Name=\"Balloon Text\"/>\r\n  <w:LsdException Locked=\"false\" Priority=\"39\" Name=\"Table Grid\"/>\r\n  <w:LsdException Locked=\"false\" SemiHidden=\"true\" UnhideWhenUsed=\"true\"\r\n   Name=\"Table Theme\"/>\r\n  <w:LsdException Locked=\"false\" SemiHidden=\"true\" Name=\"Placeholder Text\"/>\r\n  <w:LsdException Locked=\"false\" Priority=\"1\" QFormat=\"true\" Name=\"No Spacing\"/>\r\n  <w:LsdException Locked=\"false\" Priority=\"60\" Name=\"Light Shading\"/>\r\n  <w:LsdException Locked=\"false\" Priority=\"61\" Name=\"Light List\"/>\r\n  <w:LsdException Locked=\"false\" Priority=\"62\" Name=\"Light Grid\"/>\r\n  <w:LsdException Locked=\"false\" Priority=\"63\" Name=\"Medium Shading 1\"/>\r\n  <w:LsdException Locked=\"false\" Priority=\"64\" Name=\"Medium Shading 2\"/>\r\n  <w:LsdException Locked=\"false\" Priority=\"65\" Name=\"Medium List 1\"/>\r\n  <w:LsdException Locked=\"false\" Priority=\"66\" Name=\"Medium List 2\"/>\r\n  <w:LsdException Locked=\"false\" Priority=\"67\" Name=\"Medium Grid 1\"/>\r\n  <w:LsdException Locked=\"false\" Priority=\"68\" Name=\"Medium Grid 2\"/>\r\n  <w:LsdException Locked=\"false\" Priority=\"69\" Name=\"Medium Grid 3\"/>\r\n  <w:LsdException Locked=\"false\" Priority=\"70\" Name=\"Dark List\"/>\r\n  <w:LsdException Locked=\"false\" Priority=\"71\" Name=\"Colorful Shading\"/>\r\n  <w:LsdException Locked=\"false\" Priority=\"72\" Name=\"Colorful List\"/>\r\n  <w:LsdException Locked=\"false\" Priority=\"73\" Name=\"Colorful Grid\"/>\r\n  <w:LsdException Locked=\"false\" Priority=\"60\" Name=\"Light Shading Accent 1\"/>\r\n  <w:LsdException Locked=\"false\" Priority=\"61\" Name=\"Light List Accent 1\"/>\r\n  <w:LsdException Locked=\"false\" Priority=\"62\" Name=\"Light Grid Accent 1\"/>\r\n  <w:LsdException Locked=\"false\" Priority=\"63\" Name=\"Medium Shading 1 Accent 1\"/>\r\n  <w:LsdException Locked=\"false\" Priority=\"64\" Name=\"Medium Shading 2 Accent 1\"/>\r\n  <w:LsdException Locked=\"false\" Priority=\"65\" Name=\"Medium List 1 Accent 1\"/>\r\n  <w:LsdException Locked=\"false\" SemiHidden=\"true\" Name=\"Revision\"/>\r\n  <w:LsdException Locked=\"false\" Priority=\"34\" QFormat=\"true\"\r\n   Name=\"List Paragraph\"/>\r\n  <w:LsdException Locked=\"false\" Priority=\"29\" QFormat=\"true\" Name=\"Quote\"/>\r\n  <w:LsdException Locked=\"false\" Priority=\"30\" QFormat=\"true\"\r\n   Name=\"Intense Quote\"/>\r\n  <w:LsdException Locked=\"false\" Priority=\"66\" Name=\"Medium List 2 Accent 1\"/>\r\n  <w:LsdException Locked=\"false\" Priority=\"67\" Name=\"Medium Grid 1 Accent 1\"/>\r\n  <w:LsdException Locked=\"false\" Priority=\"68\" Name=\"Medium Grid 2 Accent 1\"/>\r\n  <w:LsdException Locked=\"false\" Priority=\"69\" Name=\"Medium Grid 3 Accent 1\"/>\r\n  <w:LsdException Locked=\"false\" Priority=\"70\" Name=\"Dark List Accent 1\"/>\r\n  <w:LsdException Locked=\"false\" Priority=\"71\" Name=\"Colorful Shading Accent 1\"/>\r\n  <w:LsdException Locked=\"false\" Priority=\"72\" Name=\"Colorful List Accent 1\"/>\r\n  <w:LsdException Locked=\"false\" Priority=\"73\" Name=\"Colorful Grid Accent 1\"/>\r\n  <w:LsdException Locked=\"false\" Priority=\"60\" Name=\"Light Shading Accent 2\"/>\r\n  <w:LsdException Locked=\"false\" Priority=\"61\" Name=\"Light List Accent 2\"/>\r\n  <w:LsdException Locked=\"false\" Priority=\"62\" Name=\"Light Grid Accent 2\"/>\r\n  <w:LsdException Locked=\"false\" Priority=\"63\" Name=\"Medium Shading 1 Accent 2\"/>\r\n  <w:LsdException Locked=\"false\" Priority=\"64\" Name=\"Medium Shading 2 Accent 2\"/>\r\n  <w:LsdException Locked=\"false\" Priority=\"65\" Name=\"Medium List 1 Accent 2\"/>\r\n  <w:LsdException Locked=\"false\" Priority=\"66\" Name=\"Medium List 2 Accent 2\"/>\r\n  <w:LsdException Locked=\"false\" Priority=\"67\" Name=\"Medium Grid 1 Accent 2\"/>\r\n  <w:LsdException Locked=\"false\" Priority=\"68\" Name=\"Medium Grid 2 Accent 2\"/>\r\n  <w:LsdException Locked=\"false\" Priority=\"69\" Name=\"Medium Grid 3 Accent 2\"/>\r\n  <w:LsdException Locked=\"false\" Priority=\"70\" Name=\"Dark List Accent 2\"/>\r\n  <w:LsdException Locked=\"false\" Priority=\"71\" Name=\"Colorful Shading Accent 2\"/>\r\n  <w:LsdException Locked=\"false\" Priority=\"72\" Name=\"Colorful List Accent 2\"/>\r\n  <w:LsdException Locked=\"false\" Priority=\"73\" Name=\"Colorful Grid Accent 2\"/>\r\n  <w:LsdException Locked=\"false\" Priority=\"60\" Name=\"Light Shading Accent 3\"/>\r\n  <w:LsdException Locked=\"false\" Priority=\"61\" Name=\"Light List Accent 3\"/>\r\n  <w:LsdException Locked=\"false\" Priority=\"62\" Name=\"Light Grid Accent 3\"/>\r\n  <w:LsdException Locked=\"false\" Priority=\"63\" Name=\"Medium Shading 1 Accent 3\"/>\r\n  <w:LsdException Locked=\"false\" Priority=\"64\" Name=\"Medium Shading 2 Accent 3\"/>\r\n  <w:LsdException Locked=\"false\" Priority=\"65\" Name=\"Medium List 1 Accent 3\"/>\r\n  <w:LsdException Locked=\"false\" Priority=\"66\" Name=\"Medium List 2 Accent 3\"/>\r\n  <w:LsdException Locked=\"false\" Priority=\"67\" Name=\"Medium Grid 1 Accent 3\"/>\r\n  <w:LsdException Locked=\"false\" Priority=\"68\" Name=\"Medium Grid 2 Accent 3\"/>\r\n  <w:LsdException Locked=\"false\" Priority=\"69\" Name=\"Medium Grid 3 Accent 3\"/>\r\n  <w:LsdException Locked=\"false\" Priority=\"70\" Name=\"Dark List Accent 3\"/>\r\n  <w:LsdException Locked=\"false\" Priority=\"71\" Name=\"Colorful Shading Accent 3\"/>\r\n  <w:LsdException Locked=\"false\" Priority=\"72\" Name=\"Colorful List Accent 3\"/>\r\n  <w:LsdException Locked=\"false\" Priority=\"73\" Name=\"Colorful Grid Accent 3\"/>\r\n  <w:LsdException Locked=\"false\" Priority=\"60\" Name=\"Light Shading Accent 4\"/>\r\n  <w:LsdException Locked=\"false\" Priority=\"61\" Name=\"Light List Accent 4\"/>\r\n  <w:LsdException Locked=\"false\" Priority=\"62\" Name=\"Light Grid Accent 4\"/>\r\n  <w:LsdException Locked=\"false\" Priority=\"63\" Name=\"Medium Shading 1 Accent 4\"/>\r\n  <w:LsdException Locked=\"false\" Priority=\"64\" Name=\"Medium Shading 2 Accent 4\"/>\r\n  <w:LsdException Locked=\"false\" Priority=\"65\" Name=\"Medium List 1 Accent 4\"/>\r\n  <w:LsdException Locked=\"false\" Priority=\"66\" Name=\"Medium List 2 Accent 4\"/>\r\n  <w:LsdException Locked=\"false\" Priority=\"67\" Name=\"Medium Grid 1 Accent 4\"/>\r\n  <w:LsdException Locked=\"false\" Priority=\"68\" Name=\"Medium Grid 2 Accent 4\"/>\r\n  <w:LsdException Locked=\"false\" Priority=\"69\" Name=\"Medium Grid 3 Accent 4\"/>\r\n  <w:LsdException Locked=\"false\" Priority=\"70\" Name=\"Dark List Accent 4\"/>\r\n  <w:LsdException Locked=\"false\" Priority=\"71\" Name=\"Colorful Shading Accent 4\"/>\r\n  <w:LsdException Locked=\"false\" Priority=\"72\" Name=\"Colorful List Accent 4\"/>\r\n  <w:LsdException Locked=\"false\" Priority=\"73\" Name=\"Colorful Grid Accent 4\"/>\r\n  <w:LsdException Locked=\"false\" Priority=\"60\" Name=\"Light Shading Accent 5\"/>\r\n  <w:LsdException Locked=\"false\" Priority=\"61\" Name=\"Light List Accent 5\"/>\r\n  <w:LsdException Locked=\"false\" Priority=\"62\" Name=\"Light Grid Accent 5\"/>\r\n  <w:LsdException Locked=\"false\" Priority=\"63\" Name=\"Medium Shading 1 Accent 5\"/>\r\n  <w:LsdException Locked=\"false\" Priority=\"64\" Name=\"Medium Shading 2 Accent 5\"/>\r\n  <w:LsdException Locked=\"false\" Priority=\"65\" Name=\"Medium List 1 Accent 5\"/>\r\n  <w:LsdException Locked=\"false\" Priority=\"66\" Name=\"Medium List 2 Accent 5\"/>\r\n  <w:LsdException Locked=\"false\" Priority=\"67\" Name=\"Medium Grid 1 Accent 5\"/>\r\n  <w:LsdException Locked=\"false\" Priority=\"68\" Name=\"Medium Grid 2 Accent 5\"/>\r\n  <w:LsdException Locked=\"false\" Priority=\"69\" Name=\"Medium Grid 3 Accent 5\"/>\r\n  <w:LsdException Locked=\"false\" Priority=\"70\" Name=\"Dark List Accent 5\"/>\r\n  <w:LsdException Locked=\"false\" Priority=\"71\" Name=\"Colorful Shading Accent 5\"/>\r\n  <w:LsdException Locked=\"false\" Priority=\"72\" Name=\"Colorful List Accent 5\"/>\r\n  <w:LsdException Locked=\"false\" Priority=\"73\" Name=\"Colorful Grid Accent 5\"/>\r\n  <w:LsdException Locked=\"false\" Priority=\"60\" Name=\"Light Shading Accent 6\"/>\r\n  <w:LsdException Locked=\"false\" Priority=\"61\" Name=\"Light List Accent 6\"/>\r\n  <w:LsdException Locked=\"false\" Priority=\"62\" Name=\"Light Grid Accent 6\"/>\r\n  <w:LsdException Locked=\"false\" Priority=\"63\" Name=\"Medium Shading 1 Accent 6\"/>\r\n  <w:LsdException Locked=\"false\" Priority=\"64\" Name=\"Medium Shading 2 Accent 6\"/>\r\n  <w:LsdException Locked=\"false\" Priority=\"65\" Name=\"Medium List 1 Accent 6\"/>\r\n  <w:LsdException Locked=\"false\" Priority=\"66\" Name=\"Medium List 2 Accent 6\"/>\r\n  <w:LsdException Locked=\"false\" Priority=\"67\" Name=\"Medium Grid 1 Accent 6\"/>\r\n  <w:LsdException Locked=\"false\" Priority=\"68\" Name=\"Medium Grid 2 Accent 6\"/>\r\n  <w:LsdException Locked=\"false\" Priority=\"69\" Name=\"Medium Grid 3 Accent 6\"/>\r\n  <w:LsdException Locked=\"false\" Priority=\"70\" Name=\"Dark List Accent 6\"/>\r\n  <w:LsdException Locked=\"false\" Priority=\"71\" Name=\"Colorful Shading Accent 6\"/>\r\n  <w:LsdException Locked=\"false\" Priority=\"72\" Name=\"Colorful List Accent 6\"/>\r\n  <w:LsdException Locked=\"false\" Priority=\"73\" Name=\"Colorful Grid Accent 6\"/>\r\n  <w:LsdException Locked=\"false\" Priority=\"19\" QFormat=\"true\"\r\n   Name=\"Subtle Emphasis\"/>\r\n  <w:LsdException Locked=\"false\" Priority=\"21\" QFormat=\"true\"\r\n   Name=\"Intense Emphasis\"/>\r\n  <w:LsdException Locked=\"false\" Priority=\"31\" QFormat=\"true\"\r\n   Name=\"Subtle Reference\"/>\r\n  <w:LsdException Locked=\"false\" Priority=\"32\" QFormat=\"true\"\r\n   Name=\"Intense Reference\"/>\r\n  <w:LsdException Locked=\"false\" Priority=\"33\" QFormat=\"true\" Name=\"Book Title\"/>\r\n  <w:LsdException Locked=\"false\" Priority=\"37\" SemiHidden=\"true\"\r\n   UnhideWhenUsed=\"true\" Name=\"Bibliography\"/>\r\n  <w:LsdException Locked=\"false\" Priority=\"39\" SemiHidden=\"true\"\r\n   UnhideWhenUsed=\"true\" QFormat=\"true\" Name=\"TOC Heading\"/>\r\n  <w:LsdException Locked=\"false\" Priority=\"41\" Name=\"Plain Table 1\"/>\r\n  <w:LsdException Locked=\"false\" Priority=\"42\" Name=\"Plain Table 2\"/>\r\n  <w:LsdException Locked=\"false\" Priority=\"43\" Name=\"Plain Table 3\"/>\r\n  <w:LsdException Locked=\"false\" Priority=\"44\" Name=\"Plain Table 4\"/>\r\n  <w:LsdException Locked=\"false\" Priority=\"45\" Name=\"Plain Table 5\"/>\r\n  <w:LsdException Locked=\"false\" Priority=\"40\" Name=\"Grid Table Light\"/>\r\n  <w:LsdException Locked=\"false\" Priority=\"46\" Name=\"Grid Table 1 Light\"/>\r\n  <w:LsdException Locked=\"false\" Priority=\"47\" Name=\"Grid Table 2\"/>\r\n  <w:LsdException Locked=\"false\" Priority=\"48\" Name=\"Grid Table 3\"/>\r\n  <w:LsdException Locked=\"false\" Priority=\"49\" Name=\"Grid Table 4\"/>\r\n  <w:LsdException Locked=\"false\" Priority=\"50\" Name=\"Grid Table 5 Dark\"/>\r\n  <w:LsdException Locked=\"false\" Priority=\"51\" Name=\"Grid Table 6 Colorful\"/>\r\n  <w:LsdException Locked=\"false\" Priority=\"52\" Name=\"Grid Table 7 Colorful\"/>\r\n  <w:LsdException Locked=\"false\" Priority=\"46\"\r\n   Name=\"Grid Table 1 Light Accent 1\"/>\r\n  <w:LsdException Locked=\"false\" Priority=\"47\" Name=\"Grid Table 2 Accent 1\"/>\r\n  <w:LsdException Locked=\"false\" Priority=\"48\" Name=\"Grid Table 3 Accent 1\"/>\r\n  <w:LsdException Locked=\"false\" Priority=\"49\" Name=\"Grid Table 4 Accent 1\"/>\r\n  <w:LsdException Locked=\"false\" Priority=\"50\" Name=\"Grid Table 5 Dark Accent 1\"/>\r\n  <w:LsdException Locked=\"false\" Priority=\"51\"\r\n   Name=\"Grid Table 6 Colorful Accent 1\"/>\r\n  <w:LsdException Locked=\"false\" Priority=\"52\"\r\n   Name=\"Grid Table 7 Colorful Accent 1\"/>\r\n  <w:LsdException Locked=\"false\" Priority=\"46\"\r\n   Name=\"Grid Table 1 Light Accent 2\"/>\r\n  <w:LsdException Locked=\"false\" Priority=\"47\" Name=\"Grid Table 2 Accent 2\"/>\r\n  <w:LsdException Locked=\"false\" Priority=\"48\" Name=\"Grid Table 3 Accent 2\"/>\r\n  <w:LsdException Locked=\"false\" Priority=\"49\" Name=\"Grid Table 4 Accent 2\"/>\r\n  <w:LsdException Locked=\"false\" Priority=\"50\" Name=\"Grid Table 5 Dark Accent 2\"/>\r\n  <w:LsdException Locked=\"false\" Priority=\"51\"\r\n   Name=\"Grid Table 6 Colorful Accent 2\"/>\r\n  <w:LsdException Locked=\"false\" Priority=\"52\"\r\n   Name=\"Grid Table 7 Colorful Accent 2\"/>\r\n  <w:LsdException Locked=\"false\" Priority=\"46\"\r\n   Name=\"Grid Table 1 Light Accent 3\"/>\r\n  <w:LsdException Locked=\"false\" Priority=\"47\" Name=\"Grid Table 2 Accent 3\"/>\r\n  <w:LsdException Locked=\"false\" Priority=\"48\" Name=\"Grid Table 3 Accent 3\"/>\r\n  <w:LsdException Locked=\"false\" Priority=\"49\" Name=\"Grid Table 4 Accent 3\"/>\r\n  <w:LsdException Locked=\"false\" Priority=\"50\" Name=\"Grid Table 5 Dark Accent 3\"/>\r\n  <w:LsdException Locked=\"false\" Priority=\"51\"\r\n   Name=\"Grid Table 6 Colorful Accent 3\"/>\r\n  <w:LsdException Locked=\"false\" Priority=\"52\"\r\n   Name=\"Grid Table 7 Colorful Accent 3\"/>\r\n  <w:LsdException Locked=\"false\" Priority=\"46\"\r\n   Name=\"Grid Table 1 Light Accent 4\"/>\r\n  <w:LsdException Locked=\"false\" Priority=\"47\" Name=\"Grid Table 2 Accent 4\"/>\r\n  <w:LsdException Locked=\"false\" Priority=\"48\" Name=\"Grid Table 3 Accent 4\"/>\r\n  <w:LsdException Locked=\"false\" Priority=\"49\" Name=\"Grid Table 4 Accent 4\"/>\r\n  <w:LsdException Locked=\"false\" Priority=\"50\" Name=\"Grid Table 5 Dark Accent 4\"/>\r\n  <w:LsdException Locked=\"false\" Priority=\"51\"\r\n   Name=\"Grid Table 6 Colorful Accent 4\"/>\r\n  <w:LsdException Locked=\"false\" Priority=\"52\"\r\n   Name=\"Grid Table 7 Colorful Accent 4\"/>\r\n  <w:LsdException Locked=\"false\" Priority=\"46\"\r\n   Name=\"Grid Table 1 Light Accent 5\"/>\r\n  <w:LsdException Locked=\"false\" Priority=\"47\" Name=\"Grid Table 2 Accent 5\"/>\r\n  <w:LsdException Locked=\"false\" Priority=\"48\" Name=\"Grid Table 3 Accent 5\"/>\r\n  <w:LsdException Locked=\"false\" Priority=\"49\" Name=\"Grid Table 4 Accent 5\"/>\r\n  <w:LsdException Locked=\"false\" Priority=\"50\" Name=\"Grid Table 5 Dark Accent 5\"/>\r\n  <w:LsdException Locked=\"false\" Priority=\"51\"\r\n   Name=\"Grid Table 6 Colorful Accent 5\"/>\r\n  <w:LsdException Locked=\"false\" Priority=\"52\"\r\n   Name=\"Grid Table 7 Colorful Accent 5\"/>\r\n  <w:LsdException Locked=\"false\" Priority=\"46\"\r\n   Name=\"Grid Table 1 Light Accent 6\"/>\r\n  <w:LsdException Locked=\"false\" Priority=\"47\" Name=\"Grid Table 2 Accent 6\"/>\r\n  <w:LsdException Locked=\"false\" Priority=\"48\" Name=\"Grid Table 3 Accent 6\"/>\r\n  <w:LsdException Locked=\"false\" Priority=\"49\" Name=\"Grid Table 4 Accent 6\"/>\r\n  <w:LsdException Locked=\"false\" Priority=\"50\" Name=\"Grid Table 5 Dark Accent 6\"/>\r\n  <w:LsdException Locked=\"false\" Priority=\"51\"\r\n   Name=\"Grid Table 6 Colorful Accent 6\"/>\r\n  <w:LsdException Locked=\"false\" Priority=\"52\"\r\n   Name=\"Grid Table 7 Colorful Accent 6\"/>\r\n  <w:LsdException Locked=\"false\" Priority=\"46\" Name=\"List Table 1 Light\"/>\r\n  <w:LsdException Locked=\"false\" Priority=\"47\" Name=\"List Table 2\"/>\r\n  <w:LsdException Locked=\"false\" Priority=\"48\" Name=\"List Table 3\"/>\r\n  <w:LsdException Locked=\"false\" Priority=\"49\" Name=\"List Table 4\"/>\r\n  <w:LsdException Locked=\"false\" Priority=\"50\" Name=\"List Table 5 Dark\"/>\r\n  <w:LsdException Locked=\"false\" Priority=\"51\" Name=\"List Table 6 Colorful\"/>\r\n  <w:LsdException Locked=\"false\" Priority=\"52\" Name=\"List Table 7 Colorful\"/>\r\n  <w:LsdException Locked=\"false\" Priority=\"46\"\r\n   Name=\"List Table 1 Light Accent 1\"/>\r\n  <w:LsdException Locked=\"false\" Priority=\"47\" Name=\"List Table 2 Accent 1\"/>\r\n  <w:LsdException Locked=\"false\" Priority=\"48\" Name=\"List Table 3 Accent 1\"/>\r\n  <w:LsdException Locked=\"false\" Priority=\"49\" Name=\"List Table 4 Accent 1\"/>\r\n  <w:LsdException Locked=\"false\" Priority=\"50\" Name=\"List Table 5 Dark Accent 1\"/>\r\n  <w:LsdException Locked=\"false\" Priority=\"51\"\r\n   Name=\"List Table 6 Colorful Accent 1\"/>\r\n  <w:LsdException Locked=\"false\" Priority=\"52\"\r\n   Name=\"List Table 7 Colorful Accent 1\"/>\r\n  <w:LsdException Locked=\"false\" Priority=\"46\"\r\n   Name=\"List Table 1 Light Accent 2\"/>\r\n  <w:LsdException Locked=\"false\" Priority=\"47\" Name=\"List Table 2 Accent 2\"/>\r\n  <w:LsdException Locked=\"false\" Priority=\"48\" Name=\"List Table 3 Accent 2\"/>\r\n  <w:LsdException Locked=\"false\" Priority=\"49\" Name=\"List Table 4 Accent 2\"/>\r\n  <w:LsdException Locked=\"false\" Priority=\"50\" Name=\"List Table 5 Dark Accent 2\"/>\r\n  <w:LsdException Locked=\"false\" Priority=\"51\"\r\n   Name=\"List Table 6 Colorful Accent 2\"/>\r\n  <w:LsdException Locked=\"false\" Priority=\"52\"\r\n   Name=\"List Table 7 Colorful Accent 2\"/>\r\n  <w:LsdException Locked=\"false\" Priority=\"46\"\r\n   Name=\"List Table 1 Light Accent 3\"/>\r\n  <w:LsdException Locked=\"false\" Priority=\"47\" Name=\"List Table 2 Accent 3\"/>\r\n  <w:LsdException Locked=\"false\" Priority=\"48\" Name=\"List Table 3 Accent 3\"/>\r\n  <w:LsdException Locked=\"false\" Priority=\"49\" Name=\"List Table 4 Accent 3\"/>\r\n  <w:LsdException Locked=\"false\" Priority=\"50\" Name=\"List Table 5 Dark Accent 3\"/>\r\n  <w:LsdException Locked=\"false\" Priority=\"51\"\r\n   Name=\"List Table 6 Colorful Accent 3\"/>\r\n  <w:LsdException Locked=\"false\" Priority=\"52\"\r\n   Name=\"List Table 7 Colorful Accent 3\"/>\r\n  <w:LsdException Locked=\"false\" Priority=\"46\"\r\n   Name=\"List Table 1 Light Accent 4\"/>\r\n  <w:LsdException Locked=\"false\" Priority=\"47\" Name=\"List Table 2 Accent 4\"/>\r\n  <w:LsdException Locked=\"false\" Priority=\"48\" Name=\"List Table 3 Accent 4\"/>\r\n  <w:LsdException Locked=\"false\" Priority=\"49\" Name=\"List Table 4 Accent 4\"/>\r\n  <w:LsdException Locked=\"false\" Priority=\"50\" Name=\"List Table 5 Dark Accent 4\"/>\r\n  <w:LsdException Locked=\"false\" Priority=\"51\"\r\n   Name=\"List Table 6 Colorful Accent 4\"/>\r\n  <w:LsdException Locked=\"false\" Priority=\"52\"\r\n   Name=\"List Table 7 Colorful Accent 4\"/>\r\n  <w:LsdException Locked=\"false\" Priority=\"46\"\r\n   Name=\"List Table 1 Light Accent 5\"/>\r\n  <w:LsdException Locked=\"false\" Priority=\"47\" Name=\"List Table 2 Accent 5\"/>\r\n  <w:LsdException Locked=\"false\" Priority=\"48\" Name=\"List Table 3 Accent 5\"/>\r\n  <w:LsdException Locked=\"false\" Priority=\"49\" Name=\"List Table 4 Accent 5\"/>\r\n  <w:LsdException Locked=\"false\" Priority=\"50\" Name=\"List Table 5 Dark Accent 5\"/>\r\n  <w:LsdException Locked=\"false\" Priority=\"51\"\r\n   Name=\"List Table 6 Colorful Accent 5\"/>\r\n  <w:LsdException Locked=\"false\" Priority=\"52\"\r\n   Name=\"List Table 7 Colorful Accent 5\"/>\r\n  <w:LsdException Locked=\"false\" Priority=\"46\"\r\n   Name=\"List Table 1 Light Accent 6\"/>\r\n  <w:LsdException Locked=\"false\" Priority=\"47\" Name=\"List Table 2 Accent 6\"/>\r\n  <w:LsdException Locked=\"false\" Priority=\"48\" Name=\"List Table 3 Accent 6\"/>\r\n  <w:LsdException Locked=\"false\" Priority=\"49\" Name=\"List Table 4 Accent 6\"/>\r\n  <w:LsdException Locked=\"false\" Priority=\"50\" Name=\"List Table 5 Dark Accent 6\"/>\r\n  <w:LsdException Locked=\"false\" Priority=\"51\"\r\n   Name=\"List Table 6 Colorful Accent 6\"/>\r\n  <w:LsdException Locked=\"false\" Priority=\"52\"\r\n   Name=\"List Table 7 Colorful Accent 6\"/>\r\n </w:LatentStyles>\r\n</xml><![endif]--><!-- [if gte mso 10]>\r\n<style>\r\n /* Style Definitions */\r\n table.MsoNormalTable\r\n	{mso-style-name:\"Table Normal\";\r\n	mso-tstyle-rowband-size:0;\r\n	mso-tstyle-colband-size:0;\r\n	mso-style-noshow:yes;\r\n	mso-style-priority:99;\r\n	mso-style-parent:\"\";\r\n	mso-padding-alt:0in 5.4pt 0in 5.4pt;\r\n	mso-para-margin-top:0in;\r\n	mso-para-margin-right:0in;\r\n	mso-para-margin-bottom:10.0pt;\r\n	mso-para-margin-left:0in;\r\n	line-height:115%;\r\n	mso-pagination:widow-orphan;\r\n	font-size:11.0pt;\r\n	mso-bidi-font-size:14.0pt;\r\n	font-family:\"Calibri\",\"sans-serif\";\r\n	mso-ascii-font-family:Calibri;\r\n	mso-ascii-theme-font:minor-latin;\r\n	mso-hansi-font-family:Calibri;\r\n	mso-hansi-theme-font:minor-latin;\r\n	mso-bidi-font-family:Vrinda;\r\n	mso-bidi-theme-font:minor-bidi;\r\n	mso-bidi-language:BN;}\r\n</style>\r\n<![endif]--></p>\r\n<p>This Cayman is covered in a black air leather.</p>\r\n<p>&nbsp;</p>\r\n<p><strong>Dimensions</strong>:</p>\r\n<p>Sofa 85 x 38 x 41</p>\r\n<p>Love 76 x 38 x 41</p>\r\n<p>Recliner 41 x 38 x 41</p>\r\n<p class=\"MsoNormal\">&nbsp;</p>', 'Sofa', 'Black', 11, '2018-11-29 06:31:52', '2018-11-29 06:31:52', 'products\\November2018\\P5DYlottCNIG1xrWJskF.jpg', NULL, NULL, NULL, NULL, 12, 1, NULL, '2018-12-31 00:00:00'),
(11, 'Caliver', 'caliver', 'Available in Grey/Beige/Brown\r\nSofa/Love/Chair', '1111', '1000', '<p><span style=\"font-family: \'Arial\',\'sans-serif\';\">Available in Grey/Beige/Brow</span></p>', 'Sofa', 'Black', 12, '2018-11-29 06:38:27', '2018-11-29 06:38:27', 'products\\November2018\\wNmSFwRPcFkGnYQ0nNNf.jpg', NULL, NULL, NULL, NULL, 0, NULL, NULL, NULL),
(12, 'Avanti', 'avanti', 'Lorem ipsum dolor sit, amet consectetur adipisicing elit. Ipsum nemo at a amet eaque adipisci, ora corrupti cupiditate?', '1000', NULL, '<p><strong>Lorem ipsum</strong>, dolor sit amet consectetur adipisicing elit. Itaque obcaecati te</p>\r\n<ul>\r\n<li>Quae harum velit hic molestias, eius ab cum quidem voluptates modi maiores laboriosam iusto excepturi ex, recusandae aut, facere earum ad vero aperiam</li>\r\n</ul>', 'Avanti', 'Black', 10, '2018-12-06 09:39:32', '2019-01-07 19:23:00', 'products\\December2018\\x78SOHFNqld7YUOjBdqf.jpg', 'products\\December2018\\O9103VXapWSYfTtaJ8MA.jpg', NULL, NULL, NULL, 150, 5, 'Hot', '2019-01-08 00:00:00'),
(13, 'product no 10', 'product-no-10', 'somehdsfs', '110', '100', '<p>loerm ispum</p>', 'bed', 'black', 7, '2018-12-07 10:18:02', '2019-01-07 12:33:10', 'products\\December2018\\x7mHUqlnMjFjfDbVn58a.jpg', 'products\\December2018\\glLcnxpIMJ2ofhsB3Pkx.jpg', NULL, NULL, NULL, 112, 2, 'Hot', '2019-01-08 00:00:00'),
(14, 'Newly Product', 'newly-product', 'teur sint occaecat cupidatat non\r\nproident, sunt in culpa qui officia deserunt mollit anim id est laborum.', '111', '99', '<p>Lorem ipsum dolor sit amet, consectetur adipisicing elit, sed do eiusmod<br />tempor incididunt <strong>ut labore et dolore magna aliqua. Ut enim ad minim veniam,</strong><br /><strong>quis nostrud exercitation ullamco laboris nisi ut aliquip ex ea commodo</strong><br /><strong>consequat. Duis aute irure dolor in reprehenderit in v</strong>oluptate velit esse<br />cillum dolore eu fugiat nulla pariatur. Excepteur sint occaecat cupidatat non<br />proident, sunt in culpa qui officia deserunt mollit anim id est laborum.Lorem ipsum dolor sit amet, consectetur adipisicing elit, sed do eiusmod<br />tempor incididunt ut labore et dolore magna aliqua. Ut enim ad minim veniam,<br />quis nostrud exercitation ullamco laboris nisi ut aliquip ex ea commodo<br />consequat. Duis aute irure dolor in reprehenderit in voluptate velit esse<br />cillum dolore eu fugiat nulla pariatur. Excepteur sint occaecat cupidatat non<br />proident, sunt in culpa qui officia deserunt mollit anim id est laborum.</p>', 'some', 'red', 4, '2018-12-27 02:45:28', '2019-01-07 19:15:19', 'products\\December2018\\QyWE4BPjy91xZYryNqr6.jpg', NULL, NULL, NULL, NULL, 22, 7, 'New', '2019-01-10 00:00:00');

-- --------------------------------------------------------

--
-- Table structure for table `product_categories`
--

CREATE TABLE `product_categories` (
  `id` int(10) UNSIGNED NOT NULL,
  `name` varchar(191) COLLATE utf8mb4_unicode_ci NOT NULL,
  `slug` varchar(191) COLLATE utf8mb4_unicode_ci NOT NULL,
  `created_at` timestamp NULL DEFAULT NULL,
  `updated_at` timestamp NULL DEFAULT NULL,
  `banner` varchar(191) COLLATE utf8mb4_unicode_ci DEFAULT NULL
) ENGINE=InnoDB DEFAULT CHARSET=utf8mb4 COLLATE=utf8mb4_unicode_ci;

--
-- Dumping data for table `product_categories`
--

INSERT INTO `product_categories` (`id`, `name`, `slug`, `created_at`, `updated_at`, `banner`) VALUES
(4, 'Master Bedroom', 'master-bedroom', '2018-11-10 06:47:17', '2018-12-01 05:58:50', NULL),
(5, 'Youth Bedroom', 'youth-bedroom', '2018-11-10 06:48:10', '2018-12-01 05:59:02', NULL),
(6, 'Beds & Headboards', 'beds-and-headboards', '2018-11-10 06:48:22', '2018-12-01 05:59:16', NULL),
(7, 'Bunk Bed', 'bunk-bed', '2018-11-10 06:48:48', '2018-12-01 05:59:28', NULL),
(8, 'Nightstand', 'nightstand', '2018-11-10 06:49:04', '2018-12-01 05:59:40', NULL),
(9, 'Day Beds & Trundies', 'day-beds-and-trundies', '2018-11-10 06:49:16', '2018-12-01 05:59:56', NULL),
(10, 'Mattress & Pillows', 'mattress-and-pillows', '2018-11-10 06:49:31', '2018-12-01 06:00:38', NULL),
(11, 'Bed Rails', 'bed-rails', '2018-11-10 06:49:58', '2018-12-01 06:01:01', NULL),
(12, 'Wardrobe', 'wardrobe', '2018-11-10 06:50:14', '2018-12-01 06:01:18', NULL),
(13, 'Formal Dining', 'formal-dining', '2018-11-10 06:50:36', '2018-12-01 06:15:13', NULL),
(14, 'Casual Dining', 'casual-dining', '2018-11-10 06:51:00', '2018-12-01 06:15:26', NULL),
(17, 'Bar & Stools', 'bar-and-stools', '2018-12-01 06:16:02', '2018-12-01 06:16:02', NULL),
(20, 'Sofas', 'sofas', '2018-12-01 06:16:58', '2018-12-01 06:16:58', NULL),
(21, 'Sectional', 'sectional', '2018-12-01 06:17:06', '2018-12-01 06:17:06', NULL),
(22, 'Sofa Sleeper', 'sofa-sleeper', '2018-12-01 06:17:17', '2018-12-01 06:17:17', NULL),
(23, 'Futons & Adjustable Sofa', 'futons-and-adjustable-sofa', '2018-12-01 06:17:36', '2018-12-01 06:17:36', NULL),
(24, 'Media & TV Storage', 'media-and-tv-storage', '2018-12-01 06:17:42', '2018-12-01 06:17:42', NULL),
(25, 'Occasional Table', 'occasional-table', '2018-12-01 06:18:32', '2018-12-01 06:18:32', NULL),
(26, 'Benches & Ottomans', 'benches-and-ottomans', '2018-12-01 06:19:35', '2018-12-01 06:19:35', NULL),
(27, 'Youth Furniture', 'youth-furniture', '2018-12-01 06:19:55', '2018-12-01 06:19:55', NULL),
(28, 'Special Bays', 'special-bays', '2018-12-01 06:20:10', '2018-12-01 06:20:10', NULL),
(29, 'Desk & Chairs', 'desk-and-chairs', '2018-12-01 06:20:34', '2018-12-01 06:20:34', NULL),
(30, 'Shelf & Rack', 'shelf-and-rack', '2018-12-01 06:20:49', '2018-12-01 06:20:49', NULL),
(31, 'Accent Chair', 'accent-chair', '2018-12-01 06:22:08', '2018-12-01 06:22:08', NULL),
(32, 'Mirrors', 'mirrors', '2018-12-01 06:22:27', '2018-12-01 06:22:27', NULL),
(33, 'Clocks', 'clocks', '2018-12-01 06:22:35', '2018-12-01 06:22:35', NULL),
(34, 'Curio', 'curio', '2018-12-01 06:22:44', '2018-12-01 06:22:44', NULL),
(35, 'Console Table', 'console-table', '2018-12-01 06:22:51', '2018-12-01 06:22:51', NULL),
(36, 'Vanity', 'vanity', '2018-12-01 06:23:00', '2018-12-01 06:23:00', NULL),
(37, 'Jewelry Armoire', 'jewelry-armoire', '2018-12-01 06:23:09', '2018-12-01 06:23:09', NULL),
(38, 'Sink Cabinets', 'sink-cabinets', '2018-12-01 06:23:34', '2018-12-01 06:23:34', NULL),
(39, 'Lighting', 'lighting', '2018-12-01 06:24:44', '2018-12-01 06:24:44', NULL),
(40, 'Screens', 'screens', '2018-12-01 06:28:46', '2018-12-01 06:28:46', NULL),
(41, 'Coat Rack', 'coat-rack', '2018-12-01 06:30:03', '2018-12-01 06:30:03', NULL),
(42, 'Bedroom Sets', 'bedroom-sets', '2019-01-30 06:57:21', '2019-01-30 06:57:21', NULL),
(43, 'Youth Bedroom', 'youth-bedroom', '2019-01-30 06:57:46', '2019-01-30 06:57:46', NULL),
(44, 'Pub and Counter Height Tables', 'pub-and-counter-height-tables', '2019-01-30 06:58:08', '2019-01-30 06:58:08', NULL),
(45, 'Chairs', 'chairs', '2019-01-30 06:59:13', '2019-01-30 06:59:13', NULL),
(46, 'Recliners', 'recliners', '2019-01-30 06:59:27', '2019-01-30 06:59:27', NULL),
(47, 'Occasional Tables', 'occasional-tables', '2019-01-30 06:59:38', '2019-01-30 06:59:38', NULL),
(48, 'Entertainment', 'entertainment', '2019-01-30 06:59:49', '2019-01-30 06:59:49', NULL),
(49, 'Wall Art', 'wall-art', '2019-01-30 07:00:42', '2019-01-30 07:00:42', NULL),
(50, 'Family Sofas', 'family-sofas', '2019-01-30 07:01:32', '2019-01-30 07:01:32', NULL),
(51, 'Finance Options', 'finance-options', '2019-01-30 07:01:58', '2019-01-30 07:01:58', NULL),
(52, 'Layaway', 'layaway', '2019-01-30 07:02:09', '2019-01-30 07:02:09', NULL),
(53, 'Bed Frames', 'bed-frames', '2019-01-30 07:02:19', '2019-01-30 07:02:19', NULL),
(54, 'Foundations', 'foundations', '2019-01-30 07:02:30', '2019-01-30 07:02:30', NULL),
(55, 'Mattresses', 'mattresses', '2019-01-30 07:02:39', '2019-01-30 07:02:39', NULL),
(56, 'Dining Barstool', 'dining-barstool', '2019-01-30 07:05:22', '2019-01-30 07:05:22', NULL),
(57, 'Accents Mirror', 'accents-mirror', '2019-01-30 07:33:58', '2019-01-30 07:33:58', NULL);

-- --------------------------------------------------------

--
-- Table structure for table `reviews`
--

CREATE TABLE `reviews` (
  `id` int(10) NOT NULL,
  `pid` int(10) NOT NULL,
  `fname` varchar(255) NOT NULL,
  `lname` varchar(255) NOT NULL,
  `uid` int(10) NOT NULL,
  `rating` int(10) NOT NULL,
  `comment` varchar(255) DEFAULT NULL,
  `created_at` timestamp NOT NULL DEFAULT CURRENT_TIMESTAMP ON UPDATE CURRENT_TIMESTAMP,
  `updated_at` timestamp NOT NULL DEFAULT CURRENT_TIMESTAMP
) ENGINE=InnoDB DEFAULT CHARSET=latin1;

--
-- Dumping data for table `reviews`
--

INSERT INTO `reviews` (`id`, `pid`, `fname`, `lname`, `uid`, `rating`, `comment`, `created_at`, `updated_at`) VALUES
(1, 10, 'Mr.', 'X', 1, 5, 'something comment for review.', '2018-12-01 07:09:27', '2018-11-03 04:20:25'),
(2, 10, 'Mrs.', 'Y', 2, 3, 'something comment for review.', '2018-12-01 07:08:36', '2018-11-03 04:20:25'),
(3, 1, 'md', 'ok', 2, 5, 'wooden sofa review comment with 5 star', '2018-12-01 07:08:58', '2018-11-03 04:20:25'),
(4, 10, 'md', 'muaj', 1, 4, 'Good Product', '2018-12-01 07:09:44', '2018-12-01 07:07:55'),
(5, 10, 'md', 'muaj', 2, 5, 'another one', '2018-12-01 07:15:27', '2018-12-01 07:15:27'),
(6, 8, 'Admin', 'admin', 1, 5, 'some', '2018-12-02 17:39:40', '2018-12-02 17:39:40'),
(7, 9, 'Admin', 'admin', 1, 5, NULL, '2018-12-26 18:47:50', '2018-12-26 18:47:50');

-- --------------------------------------------------------

--
-- Table structure for table `roles`
--

CREATE TABLE `roles` (
  `id` int(10) UNSIGNED NOT NULL,
  `name` varchar(191) COLLATE utf8mb4_unicode_ci NOT NULL,
  `display_name` varchar(191) COLLATE utf8mb4_unicode_ci NOT NULL,
  `created_at` timestamp NULL DEFAULT NULL,
  `updated_at` timestamp NULL DEFAULT NULL
) ENGINE=InnoDB DEFAULT CHARSET=utf8mb4 COLLATE=utf8mb4_unicode_ci;

--
-- Dumping data for table `roles`
--

INSERT INTO `roles` (`id`, `name`, `display_name`, `created_at`, `updated_at`) VALUES
(1, 'admin', 'Administrator', '2018-11-03 08:21:02', '2018-11-03 08:21:02'),
(2, 'user', 'Normal User', '2018-11-03 08:21:02', '2018-11-03 08:21:02');

-- --------------------------------------------------------

--
-- Table structure for table `settings`
--

CREATE TABLE `settings` (
  `id` int(10) UNSIGNED NOT NULL,
  `key` varchar(191) COLLATE utf8mb4_unicode_ci NOT NULL,
  `display_name` varchar(191) COLLATE utf8mb4_unicode_ci NOT NULL,
  `value` text COLLATE utf8mb4_unicode_ci,
  `details` text COLLATE utf8mb4_unicode_ci,
  `type` varchar(191) COLLATE utf8mb4_unicode_ci NOT NULL,
  `order` int(11) NOT NULL DEFAULT '1',
  `group` varchar(191) COLLATE utf8mb4_unicode_ci DEFAULT NULL
) ENGINE=InnoDB DEFAULT CHARSET=utf8mb4 COLLATE=utf8mb4_unicode_ci;

--
-- Dumping data for table `settings`
--

INSERT INTO `settings` (`id`, `key`, `display_name`, `value`, `details`, `type`, `order`, `group`) VALUES
(1, 'site.title', 'Site Title', 'Site Title', '', 'text', 1, 'Site'),
(2, 'site.description', 'Site Description', 'Site Description', '', 'text', 2, 'Site'),
(3, 'site.logo', 'Site Logo', '', '', 'image', 3, 'Site'),
(4, 'site.google_analytics_tracking_id', 'Google Analytics Tracking ID', NULL, '', 'text', 4, 'Site'),
(5, 'admin.bg_image', 'Admin Background Image', '', '', 'image', 5, 'Admin'),
(6, 'admin.title', 'Admin Title', 'Furniture Ville Texas', '', 'text', 2, 'Admin'),
(7, 'admin.description', 'Admin Description', 'Welcome Admin', '', 'text', 1, 'Admin'),
(8, 'admin.loader', 'Admin Loader', '', '', 'image', 3, 'Admin'),
(9, 'admin.icon_image', 'Admin Icon Image', '', '', 'image', 4, 'Admin'),
(10, 'admin.google_analytics_client_id', 'Google Analytics Client ID (used for admin dashboard)', NULL, '', 'text', 1, 'Admin');

-- --------------------------------------------------------

--
-- Table structure for table `sliders`
--

CREATE TABLE `sliders` (
  `id` int(10) UNSIGNED NOT NULL,
  `title1` varchar(191) COLLATE utf8mb4_unicode_ci NOT NULL,
  `title2` varchar(191) COLLATE utf8mb4_unicode_ci NOT NULL,
  `detail` varchar(191) COLLATE utf8mb4_unicode_ci NOT NULL,
  `img` varchar(191) COLLATE utf8mb4_unicode_ci NOT NULL,
  `slug` varchar(191) COLLATE utf8mb4_unicode_ci NOT NULL,
  `created_at` timestamp NULL DEFAULT NULL,
  `updated_at` timestamp NULL DEFAULT NULL
) ENGINE=InnoDB DEFAULT CHARSET=utf8mb4 COLLATE=utf8mb4_unicode_ci;

--
-- Dumping data for table `sliders`
--

INSERT INTO `sliders` (`id`, `title1`, `title2`, `detail`, `img`, `slug`, `created_at`, `updated_at`) VALUES
(1, 'First', 'Coach', 'something not in common', 'sliders\\January2019\\hwZbAjAzN1v2CD6wu0xq.jpg', 'wooden-sofa', '2019-01-07 20:26:58', '2019-01-07 20:26:58'),
(2, 'second', 'option', 'this is above than cool', 'sliders\\January2019\\Qye01rOSv1oX4X0VCnzM.jpg', 'wooden-bed', '2019-01-07 20:27:00', '2019-01-07 20:28:23');

-- --------------------------------------------------------

--
-- Table structure for table `subscribers`
--

CREATE TABLE `subscribers` (
  `id` int(10) UNSIGNED NOT NULL,
  `mail` varchar(191) COLLATE utf8mb4_unicode_ci NOT NULL,
  `status` tinyint(1) NOT NULL DEFAULT '1',
  `created_at` timestamp NULL DEFAULT NULL,
  `updated_at` timestamp NULL DEFAULT NULL
) ENGINE=InnoDB DEFAULT CHARSET=utf8mb4 COLLATE=utf8mb4_unicode_ci;

--
-- Dumping data for table `subscribers`
--

INSERT INTO `subscribers` (`id`, `mail`, `status`, `created_at`, `updated_at`) VALUES
(1, 'saaifuuu@gmail.com', 1, '2019-01-28 23:23:08', '2019-01-28 23:23:08'),
(2, 'saaifuuu@gmail.com', 1, '2019-01-28 23:23:27', '2019-01-28 23:23:27');

-- --------------------------------------------------------

--
-- Table structure for table `translations`
--

CREATE TABLE `translations` (
  `id` int(10) UNSIGNED NOT NULL,
  `table_name` varchar(191) COLLATE utf8mb4_unicode_ci NOT NULL,
  `column_name` varchar(191) COLLATE utf8mb4_unicode_ci NOT NULL,
  `foreign_key` int(10) UNSIGNED NOT NULL,
  `locale` varchar(191) COLLATE utf8mb4_unicode_ci NOT NULL,
  `value` text COLLATE utf8mb4_unicode_ci NOT NULL,
  `created_at` timestamp NULL DEFAULT NULL,
  `updated_at` timestamp NULL DEFAULT NULL
) ENGINE=InnoDB DEFAULT CHARSET=utf8mb4 COLLATE=utf8mb4_unicode_ci;

--
-- Dumping data for table `translations`
--

INSERT INTO `translations` (`id`, `table_name`, `column_name`, `foreign_key`, `locale`, `value`, `created_at`, `updated_at`) VALUES
(1, 'data_types', 'display_name_singular', 5, 'pt', 'Post', '2018-11-03 08:21:13', '2018-11-03 08:21:13'),
(2, 'data_types', 'display_name_singular', 6, 'pt', 'Pgina', '2018-11-03 08:21:13', '2018-11-03 08:21:13'),
(3, 'data_types', 'display_name_singular', 1, 'pt', 'Utilizador', '2018-11-03 08:21:13', '2018-11-03 08:21:13'),
(4, 'data_types', 'display_name_singular', 4, 'pt', 'Categoria', '2018-11-03 08:21:13', '2018-11-03 08:21:13'),
(5, 'data_types', 'display_name_singular', 2, 'pt', 'Menu', '2018-11-03 08:21:13', '2018-11-03 08:21:13'),
(6, 'data_types', 'display_name_singular', 3, 'pt', 'Funo', '2018-11-03 08:21:13', '2018-11-03 08:21:13'),
(7, 'data_types', 'display_name_plural', 5, 'pt', 'Posts', '2018-11-03 08:21:13', '2018-11-03 08:21:13'),
(8, 'data_types', 'display_name_plural', 6, 'pt', 'Pginas', '2018-11-03 08:21:13', '2018-11-03 08:21:13'),
(9, 'data_types', 'display_name_plural', 1, 'pt', 'Utilizadores', '2018-11-03 08:21:13', '2018-11-03 08:21:13'),
(10, 'data_types', 'display_name_plural', 4, 'pt', 'Categorias', '2018-11-03 08:21:13', '2018-11-03 08:21:13'),
(11, 'data_types', 'display_name_plural', 2, 'pt', 'Menus', '2018-11-03 08:21:13', '2018-11-03 08:21:13'),
(12, 'data_types', 'display_name_plural', 3, 'pt', 'Funes', '2018-11-03 08:21:14', '2018-11-03 08:21:14'),
(13, 'categories', 'slug', 1, 'pt', 'categoria-1', '2018-11-03 08:21:14', '2018-11-03 08:21:14'),
(14, 'categories', 'name', 1, 'pt', 'Categoria 1', '2018-11-03 08:21:14', '2018-11-03 08:21:14'),
(15, 'categories', 'slug', 2, 'pt', 'categoria-2', '2018-11-03 08:21:14', '2018-11-03 08:21:14'),
(16, 'categories', 'name', 2, 'pt', 'Categoria 2', '2018-11-03 08:21:14', '2018-11-03 08:21:14'),
(17, 'pages', 'title', 1, 'pt', 'Ol Mundo', '2018-11-03 08:21:14', '2018-11-03 08:21:14'),
(18, 'pages', 'slug', 1, 'pt', 'ola-mundo', '2018-11-03 08:21:14', '2018-11-03 08:21:14'),
(19, 'pages', 'body', 1, 'pt', '<p>Ol Mundo. Scallywag grog swab Cat o\'nine tails scuttle rigging hardtack cable nipper Yellow Jack. Handsomely spirits knave lad killick landlubber or just lubber deadlights chantey pinnace crack Jennys tea cup. Provost long clothes black spot Yellow Jack bilged on her anchor league lateen sail case shot lee tackle.</p>\r\n<p>Ballast spirits fluke topmast me quarterdeck schooner landlubber or just lubber gabion belaying pin. Pinnace stern galleon starboard warp carouser to go on account dance the hempen jig jolly boat measured fer yer chains. Man-of-war fire in the hole nipperkin handsomely doubloon barkadeer Brethren of the Coast gibbet driver squiffy.</p>', '2018-11-03 08:21:14', '2018-11-03 08:21:14'),
(20, 'menu_items', 'title', 1, 'pt', 'Painel de Controle', '2018-11-03 08:21:14', '2018-11-03 08:21:14'),
(21, 'menu_items', 'title', 2, 'pt', 'Media', '2018-11-03 08:21:14', '2018-11-03 08:21:14'),
(22, 'menu_items', 'title', 12, 'pt', 'Publicaes', '2018-11-03 08:21:14', '2018-11-03 08:21:14'),
(23, 'menu_items', 'title', 3, 'pt', 'Utilizadores', '2018-11-03 08:21:15', '2018-11-03 08:21:15'),
(24, 'menu_items', 'title', 11, 'pt', 'Categorias', '2018-11-03 08:21:15', '2018-11-03 08:21:15'),
(25, 'menu_items', 'title', 13, 'pt', 'Pginas', '2018-11-03 08:21:15', '2018-11-03 08:21:15'),
(26, 'menu_items', 'title', 4, 'pt', 'Funes', '2018-11-03 08:21:15', '2018-11-03 08:21:15'),
(27, 'menu_items', 'title', 5, 'pt', 'Ferramentas', '2018-11-03 08:21:15', '2018-11-03 08:21:15'),
(28, 'menu_items', 'title', 6, 'pt', 'Menus', '2018-11-03 08:21:15', '2018-11-03 08:21:15'),
(29, 'menu_items', 'title', 7, 'pt', 'Base de dados', '2018-11-03 08:21:15', '2018-11-03 08:21:15'),
(30, 'menu_items', 'title', 10, 'pt', 'Configuraes', '2018-11-03 08:21:15', '2018-11-03 08:21:15');

-- --------------------------------------------------------

--
-- Table structure for table `users`
--

CREATE TABLE `users` (
  `id` int(10) UNSIGNED NOT NULL,
  `role_id` int(10) UNSIGNED DEFAULT NULL,
  `name` varchar(191) COLLATE utf8mb4_unicode_ci NOT NULL,
  `lname` varchar(191) COLLATE utf8mb4_unicode_ci NOT NULL,
  `email` varchar(191) COLLATE utf8mb4_unicode_ci NOT NULL,
  `avatar` varchar(191) COLLATE utf8mb4_unicode_ci DEFAULT 'users/default.png',
  `email_verified_at` timestamp NULL DEFAULT NULL,
  `password` varchar(191) COLLATE utf8mb4_unicode_ci NOT NULL,
  `remember_token` varchar(100) COLLATE utf8mb4_unicode_ci DEFAULT NULL,
  `settings` text COLLATE utf8mb4_unicode_ci,
  `mobile` varchar(191) COLLATE utf8mb4_unicode_ci DEFAULT NULL,
  `address` text COLLATE utf8mb4_unicode_ci,
  `created_at` timestamp NULL DEFAULT NULL,
  `updated_at` timestamp NULL DEFAULT NULL
) ENGINE=InnoDB DEFAULT CHARSET=utf8mb4 COLLATE=utf8mb4_unicode_ci;

--
-- Dumping data for table `users`
--

INSERT INTO `users` (`id`, `role_id`, `name`, `lname`, `email`, `avatar`, `email_verified_at`, `password`, `remember_token`, `settings`, `mobile`, `address`, `created_at`, `updated_at`) VALUES
(1, 1, 'Kazi Khaled', 'Saif Ullah', 'admin@admin.com', 'users/default.png', NULL, '$2y$10$7lH2a9/q.9yEcAJerZAbn.DihcHthOEr6NAF1PA1MwvKSvbrXLz7K', 'gRvxSXXrwfpGyniEzeiY8Jln2aXlfM2yHeqURKysKoYJg3dm4qRxXTD1Ciuk', NULL, '01521330148', '86/ 1 Kazi Villa', '2018-11-03 08:21:08', '2019-02-07 09:48:24'),
(2, 2, '$request->name', '$request->lname', '$request->email', 'users/default.png', NULL, '$2y$10$gdmMaQD2Wm7BrvLcUsc1Uu6B7dSyQl2GStFdkZ3n1zLg6YbHWijwW', 'JazSOetGhtPZAaAGclwmnexK9NJHN58UDdaGmU5Lh8oeg3Egg0Dsgp4W43L6', NULL, NULL, NULL, '2018-11-29 15:30:15', '2019-02-06 08:35:05'),
(3, 2, 'Kazi KHaled0', 'Saif', 'hi@hi.com', 'users/default.png', NULL, '$2y$10$ICuRvynEetG08.SgsQih.Oh6OjqJlzezxfKnZNuz1Wd7fHbfw5rVm', 'Gs2MNGtXR67IWOXYvTE96D2t9pAjLghptnXZ0fgySgMASMRDD9rL5X2ylUJv', NULL, '01521330148', '86/1', '2019-01-21 11:06:15', '2019-02-07 08:34:05');

-- --------------------------------------------------------

--
-- Table structure for table `user_roles`
--

CREATE TABLE `user_roles` (
  `user_id` int(11) NOT NULL,
  `role_id` int(11) NOT NULL
) ENGINE=InnoDB DEFAULT CHARSET=latin1;

-- --------------------------------------------------------

--
-- Table structure for table `weeklies`
--

CREATE TABLE `weeklies` (
  `id` int(10) UNSIGNED NOT NULL,
  `created_at` timestamp NULL DEFAULT NULL,
  `updated_at` timestamp NULL DEFAULT NULL
) ENGINE=InnoDB DEFAULT CHARSET=utf8mb4 COLLATE=utf8mb4_unicode_ci;

-- --------------------------------------------------------

--
-- Table structure for table `wishlists`
--

CREATE TABLE `wishlists` (
  `id` int(10) UNSIGNED NOT NULL,
  `uid` int(11) DEFAULT NULL,
  `pid` int(11) NOT NULL,
  `created_at` timestamp NULL DEFAULT NULL,
  `updated_at` timestamp NULL DEFAULT NULL
) ENGINE=InnoDB DEFAULT CHARSET=utf8mb4 COLLATE=utf8mb4_unicode_ci;

--
-- Dumping data for table `wishlists`
--

INSERT INTO `wishlists` (`id`, `uid`, `pid`, `created_at`, `updated_at`) VALUES
(1, 3, 1, '2019-01-21 11:16:31', '2019-01-21 11:16:31'),
(2, 3, 14, '2019-01-21 11:18:28', '2019-01-21 11:18:28'),
(3, 1, 14, '2019-01-21 11:26:07', '2019-01-21 11:26:07'),
(4, 1, 1, '2019-01-21 11:27:06', '2019-01-21 11:27:06'),
(5, NULL, 14, '2019-01-28 11:28:01', '2019-01-28 11:28:01'),
(6, NULL, 1, '2019-01-28 11:28:42', '2019-01-28 11:28:42'),
(7, 1, 14, '2019-01-28 11:29:13', '2019-01-28 11:29:13'),
(8, NULL, 14, '2019-02-03 10:20:17', '2019-02-03 10:20:17'),
(9, NULL, 14, '2019-02-03 10:22:16', '2019-02-03 10:22:16'),
(10, NULL, 14, '2019-02-03 10:22:26', '2019-02-03 10:22:26'),
(11, NULL, 14, '2019-02-03 10:30:48', '2019-02-03 10:30:48'),
(12, NULL, 10, '2019-02-03 10:30:59', '2019-02-03 10:30:59'),
(13, NULL, 14, '2019-02-03 10:31:25', '2019-02-03 10:31:25'),
(14, NULL, 14, '2019-02-03 10:32:41', '2019-02-03 10:32:41'),
(15, NULL, 14, '2019-02-03 10:33:19', '2019-02-03 10:33:19'),
(16, NULL, 12, '2019-02-03 10:33:46', '2019-02-03 10:33:46'),
(17, NULL, 14, '2019-02-03 10:34:58', '2019-02-03 10:34:58'),
(18, NULL, 14, '2019-02-03 10:36:53', '2019-02-03 10:36:53'),
(19, NULL, 1, '2019-02-03 10:37:53', '2019-02-03 10:37:53'),
(20, NULL, 1, '2019-02-03 10:42:57', '2019-02-03 10:42:57'),
(21, NULL, 14, '2019-02-03 10:43:03', '2019-02-03 10:43:03'),
(22, NULL, 12, '2019-02-03 10:43:09', '2019-02-03 10:43:09'),
(23, NULL, 13, '2019-02-15 13:02:32', '2019-02-15 13:02:32');

--
-- Indexes for dumped tables
--

--
-- Indexes for table `categories`
--
ALTER TABLE `categories`
  ADD PRIMARY KEY (`id`),
  ADD UNIQUE KEY `categories_slug_unique` (`slug`),
  ADD KEY `categories_parent_id_foreign` (`parent_id`);

--
-- Indexes for table `comments`
--
ALTER TABLE `comments`
  ADD PRIMARY KEY (`id`);

--
-- Indexes for table `contactuses`
--
ALTER TABLE `contactuses`
  ADD PRIMARY KEY (`id`);

--
-- Indexes for table `coupons`
--
ALTER TABLE `coupons`
  ADD PRIMARY KEY (`id`),
  ADD UNIQUE KEY `coupons_code_unique` (`code`);

--
-- Indexes for table `data_rows`
--
ALTER TABLE `data_rows`
  ADD PRIMARY KEY (`id`),
  ADD KEY `data_rows_data_type_id_foreign` (`data_type_id`);

--
-- Indexes for table `data_types`
--
ALTER TABLE `data_types`
  ADD PRIMARY KEY (`id`),
  ADD UNIQUE KEY `data_types_name_unique` (`name`),
  ADD UNIQUE KEY `data_types_slug_unique` (`slug`);

--
-- Indexes for table `featured_categories`
--
ALTER TABLE `featured_categories`
  ADD PRIMARY KEY (`id`);

--
-- Indexes for table `menus`
--
ALTER TABLE `menus`
  ADD PRIMARY KEY (`id`),
  ADD UNIQUE KEY `menus_name_unique` (`name`);

--
-- Indexes for table `menu_items`
--
ALTER TABLE `menu_items`
  ADD PRIMARY KEY (`id`),
  ADD KEY `menu_items_menu_id_foreign` (`menu_id`);

--
-- Indexes for table `migrations`
--
ALTER TABLE `migrations`
  ADD PRIMARY KEY (`id`);

--
-- Indexes for table `orders`
--
ALTER TABLE `orders`
  ADD PRIMARY KEY (`id`),
  ADD KEY `orders_user_id_foreign` (`user_id`);

--
-- Indexes for table `order_indices`
--
ALTER TABLE `order_indices`
  ADD PRIMARY KEY (`id`);

--
-- Indexes for table `order_products`
--
ALTER TABLE `order_products`
  ADD PRIMARY KEY (`id`),
  ADD KEY `order_products_order_id_foreign` (`order_id`),
  ADD KEY `order_products_product_id_foreign` (`product_id`);

--
-- Indexes for table `pages`
--
ALTER TABLE `pages`
  ADD PRIMARY KEY (`id`),
  ADD UNIQUE KEY `pages_slug_unique` (`slug`);

--
-- Indexes for table `permissions`
--
ALTER TABLE `permissions`
  ADD PRIMARY KEY (`id`),
  ADD KEY `permissions_key_index` (`key`);

--
-- Indexes for table `permission_role`
--
ALTER TABLE `permission_role`
  ADD PRIMARY KEY (`permission_id`,`role_id`),
  ADD KEY `permission_role_permission_id_index` (`permission_id`),
  ADD KEY `permission_role_role_id_index` (`role_id`);

--
-- Indexes for table `posts`
--
ALTER TABLE `posts`
  ADD PRIMARY KEY (`id`),
  ADD UNIQUE KEY `posts_slug_unique` (`slug`);

--
-- Indexes for table `products`
--
ALTER TABLE `products`
  ADD PRIMARY KEY (`id`);

--
-- Indexes for table `product_categories`
--
ALTER TABLE `product_categories`
  ADD PRIMARY KEY (`id`);

--
-- Indexes for table `reviews`
--
ALTER TABLE `reviews`
  ADD PRIMARY KEY (`id`);

--
-- Indexes for table `roles`
--
ALTER TABLE `roles`
  ADD PRIMARY KEY (`id`),
  ADD UNIQUE KEY `roles_name_unique` (`name`);

--
-- Indexes for table `settings`
--
ALTER TABLE `settings`
  ADD PRIMARY KEY (`id`),
  ADD UNIQUE KEY `settings_key_unique` (`key`);

--
-- Indexes for table `sliders`
--
ALTER TABLE `sliders`
  ADD PRIMARY KEY (`id`);

--
-- Indexes for table `subscribers`
--
ALTER TABLE `subscribers`
  ADD PRIMARY KEY (`id`);

--
-- Indexes for table `translations`
--
ALTER TABLE `translations`
  ADD PRIMARY KEY (`id`),
  ADD UNIQUE KEY `translations_table_name_column_name_foreign_key_locale_unique` (`table_name`,`column_name`,`foreign_key`,`locale`);

--
-- Indexes for table `users`
--
ALTER TABLE `users`
  ADD PRIMARY KEY (`id`),
  ADD KEY `users_role_id_foreign` (`role_id`);

--
-- Indexes for table `user_roles`
--
ALTER TABLE `user_roles`
  ADD PRIMARY KEY (`user_id`);

--
-- Indexes for table `weeklies`
--
ALTER TABLE `weeklies`
  ADD PRIMARY KEY (`id`);

--
-- Indexes for table `wishlists`
--
ALTER TABLE `wishlists`
  ADD PRIMARY KEY (`id`);

--
-- AUTO_INCREMENT for dumped tables
--

--
-- AUTO_INCREMENT for table `categories`
--
ALTER TABLE `categories`
  MODIFY `id` int(10) UNSIGNED NOT NULL AUTO_INCREMENT, AUTO_INCREMENT=3;

--
-- AUTO_INCREMENT for table `comments`
--
ALTER TABLE `comments`
  MODIFY `id` int(10) UNSIGNED NOT NULL AUTO_INCREMENT, AUTO_INCREMENT=14;

--
-- AUTO_INCREMENT for table `contactuses`
--
ALTER TABLE `contactuses`
  MODIFY `id` int(10) UNSIGNED NOT NULL AUTO_INCREMENT, AUTO_INCREMENT=3;

--
-- AUTO_INCREMENT for table `coupons`
--
ALTER TABLE `coupons`
  MODIFY `id` int(10) UNSIGNED NOT NULL AUTO_INCREMENT, AUTO_INCREMENT=5;

--
-- AUTO_INCREMENT for table `data_rows`
--
ALTER TABLE `data_rows`
  MODIFY `id` int(10) UNSIGNED NOT NULL AUTO_INCREMENT, AUTO_INCREMENT=188;

--
-- AUTO_INCREMENT for table `data_types`
--
ALTER TABLE `data_types`
  MODIFY `id` int(10) UNSIGNED NOT NULL AUTO_INCREMENT, AUTO_INCREMENT=22;

--
-- AUTO_INCREMENT for table `featured_categories`
--
ALTER TABLE `featured_categories`
  MODIFY `id` int(10) UNSIGNED NOT NULL AUTO_INCREMENT;

--
-- AUTO_INCREMENT for table `menus`
--
ALTER TABLE `menus`
  MODIFY `id` int(10) UNSIGNED NOT NULL AUTO_INCREMENT, AUTO_INCREMENT=2;

--
-- AUTO_INCREMENT for table `menu_items`
--
ALTER TABLE `menu_items`
  MODIFY `id` int(10) UNSIGNED NOT NULL AUTO_INCREMENT, AUTO_INCREMENT=25;

--
-- AUTO_INCREMENT for table `migrations`
--
ALTER TABLE `migrations`
  MODIFY `id` int(10) UNSIGNED NOT NULL AUTO_INCREMENT, AUTO_INCREMENT=40;

--
-- AUTO_INCREMENT for table `orders`
--
ALTER TABLE `orders`
  MODIFY `id` int(10) UNSIGNED NOT NULL AUTO_INCREMENT, AUTO_INCREMENT=24;

--
-- AUTO_INCREMENT for table `order_indices`
--
ALTER TABLE `order_indices`
  MODIFY `id` int(10) UNSIGNED NOT NULL AUTO_INCREMENT, AUTO_INCREMENT=7;

--
-- AUTO_INCREMENT for table `order_products`
--
ALTER TABLE `order_products`
  MODIFY `id` int(10) UNSIGNED NOT NULL AUTO_INCREMENT, AUTO_INCREMENT=27;

--
-- AUTO_INCREMENT for table `pages`
--
ALTER TABLE `pages`
  MODIFY `id` int(10) UNSIGNED NOT NULL AUTO_INCREMENT, AUTO_INCREMENT=2;

--
-- AUTO_INCREMENT for table `permissions`
--
ALTER TABLE `permissions`
  MODIFY `id` int(10) UNSIGNED NOT NULL AUTO_INCREMENT, AUTO_INCREMENT=112;

--
-- AUTO_INCREMENT for table `posts`
--
ALTER TABLE `posts`
  MODIFY `id` int(10) UNSIGNED NOT NULL AUTO_INCREMENT, AUTO_INCREMENT=6;

--
-- AUTO_INCREMENT for table `products`
--
ALTER TABLE `products`
  MODIFY `id` int(10) UNSIGNED NOT NULL AUTO_INCREMENT, AUTO_INCREMENT=15;

--
-- AUTO_INCREMENT for table `product_categories`
--
ALTER TABLE `product_categories`
  MODIFY `id` int(10) UNSIGNED NOT NULL AUTO_INCREMENT, AUTO_INCREMENT=58;

--
-- AUTO_INCREMENT for table `reviews`
--
ALTER TABLE `reviews`
  MODIFY `id` int(10) NOT NULL AUTO_INCREMENT, AUTO_INCREMENT=8;

--
-- AUTO_INCREMENT for table `roles`
--
ALTER TABLE `roles`
  MODIFY `id` int(10) UNSIGNED NOT NULL AUTO_INCREMENT, AUTO_INCREMENT=3;

--
-- AUTO_INCREMENT for table `settings`
--
ALTER TABLE `settings`
  MODIFY `id` int(10) UNSIGNED NOT NULL AUTO_INCREMENT, AUTO_INCREMENT=11;

--
-- AUTO_INCREMENT for table `sliders`
--
ALTER TABLE `sliders`
  MODIFY `id` int(10) UNSIGNED NOT NULL AUTO_INCREMENT, AUTO_INCREMENT=3;

--
-- AUTO_INCREMENT for table `subscribers`
--
ALTER TABLE `subscribers`
  MODIFY `id` int(10) UNSIGNED NOT NULL AUTO_INCREMENT, AUTO_INCREMENT=3;

--
-- AUTO_INCREMENT for table `translations`
--
ALTER TABLE `translations`
  MODIFY `id` int(10) UNSIGNED NOT NULL AUTO_INCREMENT, AUTO_INCREMENT=31;

--
-- AUTO_INCREMENT for table `users`
--
ALTER TABLE `users`
  MODIFY `id` int(10) UNSIGNED NOT NULL AUTO_INCREMENT, AUTO_INCREMENT=4;

--
-- AUTO_INCREMENT for table `user_roles`
--
ALTER TABLE `user_roles`
  MODIFY `user_id` int(11) NOT NULL AUTO_INCREMENT;

--
-- AUTO_INCREMENT for table `weeklies`
--
ALTER TABLE `weeklies`
  MODIFY `id` int(10) UNSIGNED NOT NULL AUTO_INCREMENT;

--
-- AUTO_INCREMENT for table `wishlists`
--
ALTER TABLE `wishlists`
  MODIFY `id` int(10) UNSIGNED NOT NULL AUTO_INCREMENT, AUTO_INCREMENT=24;

--
-- Constraints for dumped tables
--

--
-- Constraints for table `categories`
--
ALTER TABLE `categories`
  ADD CONSTRAINT `categories_parent_id_foreign` FOREIGN KEY (`parent_id`) REFERENCES `categories` (`id`) ON DELETE SET NULL ON UPDATE CASCADE;

--
-- Constraints for table `data_rows`
--
ALTER TABLE `data_rows`
  ADD CONSTRAINT `data_rows_data_type_id_foreign` FOREIGN KEY (`data_type_id`) REFERENCES `data_types` (`id`) ON DELETE CASCADE ON UPDATE CASCADE;

--
-- Constraints for table `menu_items`
--
ALTER TABLE `menu_items`
  ADD CONSTRAINT `menu_items_menu_id_foreign` FOREIGN KEY (`menu_id`) REFERENCES `menus` (`id`) ON DELETE CASCADE;

--
-- Constraints for table `orders`
--
ALTER TABLE `orders`
  ADD CONSTRAINT `orders_user_id_foreign` FOREIGN KEY (`user_id`) REFERENCES `users` (`id`) ON DELETE SET NULL ON UPDATE CASCADE;

--
-- Constraints for table `order_products`
--
ALTER TABLE `order_products`
  ADD CONSTRAINT `order_products_order_id_foreign` FOREIGN KEY (`order_id`) REFERENCES `orders` (`id`) ON DELETE SET NULL ON UPDATE CASCADE,
  ADD CONSTRAINT `order_products_product_id_foreign` FOREIGN KEY (`product_id`) REFERENCES `products` (`id`) ON DELETE SET NULL ON UPDATE CASCADE;

--
-- Constraints for table `permission_role`
--
ALTER TABLE `permission_role`
  ADD CONSTRAINT `permission_role_permission_id_foreign` FOREIGN KEY (`permission_id`) REFERENCES `permissions` (`id`) ON DELETE CASCADE,
  ADD CONSTRAINT `permission_role_role_id_foreign` FOREIGN KEY (`role_id`) REFERENCES `roles` (`id`) ON DELETE CASCADE;

--
-- Constraints for table `users`
--
ALTER TABLE `users`
  ADD CONSTRAINT `users_role_id_foreign` FOREIGN KEY (`role_id`) REFERENCES `roles` (`id`);
COMMIT;

/*!40101 SET CHARACTER_SET_CLIENT=@OLD_CHARACTER_SET_CLIENT */;
/*!40101 SET CHARACTER_SET_RESULTS=@OLD_CHARACTER_SET_RESULTS */;
/*!40101 SET COLLATION_CONNECTION=@OLD_COLLATION_CONNECTION */;
